id,Fascia,Sponda,Lon,Lat
234,100-300,Sinistra,885529.111,4760098.141
235,100-300,Sinistra,885529.111,4759298.141
236,50-100,Sinistra,885529.111,4758498.141
237,50-100,Sinistra,885529.111,4757698.141
238,100-300,Sinistra,885529.111,4756898.141
239,50-100,Sinistra,885529.111,4756098.141
240,0-50,Sinistra,885529.111,4755298.141
241,100-300,Sinistra,886329.111,4760098.141
242,100-300,Sinistra,886329.111,4759298.141
243,100-300,Sinistra,886329.111,4758498.141
244,100-300,Sinistra,886329.111,4757698.141
245,50-100,Sinistra,886329.111,4756898.141
246,50-100,Sinistra,886329.111,4756098.141
247,0-50,Destra,886329.111,4755298.141
248,100-300,Sinistra,887129.111,4760098.141
249,100-300,Sinistra,887129.111,4759298.141
250,100-300,Sinistra,887129.111,4758498.141
251,50-100,Sinistra,887129.111,4757698.141
252,50-100,Sinistra,887129.111,4756898.141
253,0-50,Sinistra,887129.111,4756098.141
254,0-50,Destra,887129.111,4755298.141
255,100-300,Sinistra,887929.111,4760098.141
256,100-300,Sinistra,887929.111,4759298.141
257,50-100,Sinistra,887929.111,4758498.141
258,50-100,Sinistra,887929.111,4757698.141
259,50-100,Sinistra,887929.111,4756898.141
260,0-50,Sinistra,887929.111,4756098.141
261,50-100,Destra,887929.111,4755298.141
262,100-300,Sinistra,888729.111,4760098.141
263,100-300,Sinistra,888729.111,4759298.141
264,100-300,Sinistra,888729.111,4758498.141
265,50-100,Sinistra,888729.111,4757698.141
266,0-50,Sinistra,888729.111,4756898.141
267,0-50,Destra,888729.111,4756098.141
268,100-300,Destra,888729.111,4755298.141
269,100-300,Sinistra,889529.111,4760098.141
270,100-300,Sinistra,889529.111,4759298.141
271,50-100,Sinistra,889529.111,4758498.141
272,0-50,Sinistra,889529.111,4757698.141
273,0-50,Sinistra,889529.111,4756898.141
274,0-50,Sinistra,889529.111,4756098.141
275,50-100,Destra,889529.111,4755298.141
276,50-100,Sinistra,890329.111,4760098.141
277,100-300,Sinistra,890329.111,4759298.141
278,0-50,Sinistra,890329.111,4758498.141
279,0-50,Sinistra,890329.111,4757698.141
280,0-50,Sinistra,890329.111,4756898.141
281,0-50,Destra,890329.111,4756098.141
282,50-100,Destra,890329.111,4755298.141
283,100-300,Sinistra,891129.111,4760098.141
284,50-100,Sinistra,891129.111,4759298.141
285,0-50,Sinistra,891129.111,4758498.141
286,0-50,Sinistra,891129.111,4757698.141
287,0-50,Sinistra,891129.111,4756898.141
288,50-100,Destra,891129.111,4756098.141
289,100-300,Destra,891129.111,4755298.141
290,100-300,Sinistra,891929.111,4760098.141
291,50-100,Sinistra,891929.111,4759298.141
292,0-50,Sinistra,891929.111,4758498.141
293,0-50,Sinistra,891929.111,4757698.141
294,0-50,Destra,891929.111,4756898.141
295,100-300,Destra,891929.111,4756098.141
296,100-300,Destra,891929.111,4755298.141
297,0-50,Sinistra,892729.111,4760098.141
298,0-50,Sinistra,892729.111,4759298.141
299,0-50,Sinistra,892729.111,4758498.141
300,0-50,Sinistra,892729.111,4757698.141
301,0-50,Destra,892729.111,4756898.141
302,100-300,Destra,892729.111,4756098.141
303,50-100,Sinistra,893529.111,4760098.141
304,0-50,Sinistra,893529.111,4759298.141
305,0-50,Sinistra,893529.111,4758498.141
306,0-50,Destra,893529.111,4757698.141
307,100-300,Destra,893529.111,4756898.141
308,100-300,Destra,893529.111,4756098.141
309,0-50,Sinistra,894329.111,4760098.141
310,0-50,Sinistra,894329.111,4759298.141
311,0-50,Destra,894329.111,4758498.141
312,0-50,Destra,894329.111,4757698.141
313,0-50,Sinistra,895129.111,4760098.141
314,0-50,Sinistra,895129.111,4759298.141
315,0-50,Destra,895129.111,4758498.141
316,100-300,Destra,895129.111,4757698.141
317,0-50,Sinistra,895929.111,4760098.141
318,0-50,Destra,895929.111,4759298.141
319,50-100,Destra,895929.111,4758498.141
320,100-300,Destra,895929.111,4757698.141
321,0-50,Sinistra,896729.111,4760098.141
322,0-50,Destra,896729.111,4759298.141
323,100-300,Destra,896729.111,4758498.141
324,100-300,Destra,896729.111,4757698.141
325,0-50,Sinistra,897529.111,4760098.141
326,50-100,Destra,897529.111,4759298.141
327,100-300,Destra,897529.111,4758498.141
328,0-50,Destra,898329.111,4760098.141
329,100-300,Destra,898329.111,4759298.141
330,0-50,Destra,899129.111,4760098.141
331,100-300,Destra,899129.111,4759298.141
332,50-100,Destra,899929.111,4760098.141
333,50-100,Destra,899929.111,4759298.141
334,0-50,Destra,900729.111,4760098.141
335,0-50,Destra,900729.111,4759298.141
336,0-50,Destra,901529.111,4760098.141
337,0-50,Destra,901529.111,4759298.141
338,100-300,Sinistra,885529.111,4762498.141
339,100-300,Sinistra,885529.111,4761698.141
340,100-300,Sinistra,885529.111,4760898.141
341,100-300,Sinistra,886329.111,4762498.141
342,100-300,Sinistra,886329.111,4761698.141
343,100-300,Sinistra,886329.111,4760898.141
344,100-300,Sinistra,887129.111,4762498.141
345,100-300,Sinistra,887129.111,4761698.141
346,100-300,Sinistra,887129.111,4760898.141
347,100-300,Sinistra,887929.111,4762498.141
348,100-300,Sinistra,887929.111,4761698.141
349,100-300,Sinistra,887929.111,4760898.141
350,50-100,Sinistra,888729.111,4762498.141
351,50-100,Sinistra,888729.111,4761698.141
352,100-300,Sinistra,888729.111,4760898.141
353,100-300,Sinistra,889529.111,4762498.141
354,100-300,Sinistra,889529.111,4761698.141
355,50-100,Sinistra,889529.111,4760898.141
356,100-300,Sinistra,890329.111,4762498.141
357,100-300,Sinistra,890329.111,4761698.141
358,50-100,Sinistra,890329.111,4760898.141
359,50-100,Sinistra,891129.111,4762498.141
360,100-300,Sinistra,891129.111,4761698.141
361,100-300,Sinistra,891129.111,4760898.141
362,100-300,Sinistra,891929.111,4762498.141
363,50-100,Sinistra,891929.111,4761698.141
364,0-50,Sinistra,891929.111,4760898.141
365,50-100,Sinistra,892729.111,4762498.141
366,100-300,Sinistra,892729.111,4761698.141
367,100-300,Sinistra,892729.111,4760898.141
368,100-300,Sinistra,893529.111,4762498.141
369,100-300,Sinistra,893529.111,4761698.141
370,100-300,Sinistra,893529.111,4760898.141
371,100-300,Sinistra,894329.111,4762498.141
372,50-100,Sinistra,894329.111,4761698.141
373,0-50,Sinistra,894329.111,4760898.141
374,100-300,Sinistra,895129.111,4762498.141
375,50-100,Sinistra,895129.111,4761698.141
376,0-50,Sinistra,895129.111,4760898.141
377,50-100,Sinistra,895929.111,4762498.141
378,50-100,Sinistra,895929.111,4761698.141
379,0-50,Sinistra,895929.111,4760898.141
380,50-100,Sinistra,896729.111,4762498.141
381,0-50,Sinistra,896729.111,4761698.141
382,0-50,Sinistra,896729.111,4760898.141
383,50-100,Sinistra,897529.111,4762498.141
384,0-50,Sinistra,897529.111,4761698.141
385,0-50,Sinistra,897529.111,4760898.141
386,0-50,Sinistra,898329.111,4762498.141
387,0-50,Sinistra,898329.111,4761698.141
388,0-50,Sinistra,898329.111,4760898.141
389,0-50,Sinistra,899129.111,4762498.141
390,0-50,Sinistra,899129.111,4761698.141
391,0-50,Sinistra,899129.111,4760898.141
392,0-50,Sinistra,899929.111,4761698.141
393,0-50,Sinistra,899929.111,4760898.141
394,0-50,Sinistra,900729.111,4761698.141
395,0-50,Sinistra,900729.111,4760898.141
396,100-300,Sinistra,864729.111,4748098.141
397,100-300,Sinistra,866329.111,4754498.141
398,100-300,Sinistra,866329.111,4748898.141
399,100-300,Sinistra,867129.111,4752898.141
400,100-300,Sinistra,867129.111,4752098.141
401,100-300,Sinistra,867129.111,4749698.141
402,100-300,Destra,867129.111,4748898.141
403,100-300,Sinistra,867929.111,4751298.141
404,100-300,Sinistra,868729.111,4758498.141
405,100-300,Sinistra,868729.111,4753698.141
406,100-300,Sinistra,868729.111,4752898.141
407,100-300,Sinistra,868729.111,4752098.141
408,100-300,Destra,868729.111,4751298.141
409,100-300,Destra,868729.111,4750498.141
410,100-300,Sinistra,869529.111,4753698.141
411,100-300,Destra,869529.111,4752898.141
412,100-300,Sinistra,870329.111,4756898.141
413,100-300,Sinistra,870329.111,4755298.141
414,100-300,Sinistra,870329.111,4754498.141
415,100-300,Destra,870329.111,4753698.141
416,100-300,Sinistra,871129.111,4757698.141
417,100-300,Sinistra,871129.111,4756898.141
418,100-300,Sinistra,871129.111,4755298.141
419,100-300,Destra,871129.111,4754498.141
420,100-300,Destra,871129.111,4753698.141
421,100-300,Sinistra,871929.111,4757698.141
422,100-300,Sinistra,871929.111,4756898.141
423,100-300,Sinistra,871929.111,4755298.141
424,100-300,Destra,871929.111,4754498.141
425,100-300,Destra,871929.111,4752898.141
426,100-300,Sinistra,872729.111,4757698.141
427,100-300,Sinistra,872729.111,4756898.141
428,100-300,Sinistra,872729.111,4756098.141
429,100-300,Sinistra,872729.111,4755298.141
430,100-300,Destra,872729.111,4754498.141
431,100-300,Destra,872729.111,4753698.141
432,100-300,Sinistra,873529.111,4759298.141
433,100-300,Sinistra,873529.111,4756898.141
434,100-300,Sinistra,873529.111,4756098.141
435,100-300,Sinistra,873529.111,4755298.141
436,100-300,Destra,873529.111,4754498.141
437,100-300,Destra,873529.111,4753698.141
438,100-300,Sinistra,874329.111,4756898.141
439,100-300,Sinistra,874329.111,4756098.141
440,100-300,Sinistra,874329.111,4755298.141
441,100-300,Destra,874329.111,4754498.141
442,100-300,Sinistra,875129.111,4757698.141
443,100-300,Sinistra,875129.111,4756898.141
444,100-300,Sinistra,875129.111,4756098.141
445,100-300,Destra,875129.111,4755298.141
446,100-300,Destra,875129.111,4754498.141
447,100-300,Destra,875129.111,4753698.141
448,100-300,Sinistra,875929.111,4759298.141
449,100-300,Sinistra,875929.111,4757698.141
450,100-300,Sinistra,875929.111,4756098.141
451,100-300,Sinistra,875929.111,4755298.141
452,100-300,Destra,875929.111,4754498.141
453,100-300,Destra,875929.111,4753698.141
454,100-300,Sinistra,876729.111,4759298.141
455,100-300,Sinistra,876729.111,4758498.141
456,100-300,Sinistra,876729.111,4756898.141
457,100-300,Sinistra,876729.111,4756098.141
458,100-300,Sinistra,876729.111,4755298.141
459,100-300,Sinistra,876729.111,4754498.141
460,100-300,Destra,876729.111,4753698.141
461,100-300,Destra,876729.111,4752898.141
462,100-300,Sinistra,877529.111,4759298.141
463,100-300,Sinistra,877529.111,4758498.141
464,100-300,Sinistra,877529.111,4757698.141
465,100-300,Sinistra,877529.111,4756898.141
466,100-300,Sinistra,877529.111,4756098.141
467,100-300,Sinistra,877529.111,4755298.141
468,100-300,Sinistra,877529.111,4754498.141
469,100-300,Destra,877529.111,4753698.141
470,100-300,Destra,877529.111,4752898.141
471,100-300,Destra,877529.111,4752098.141
472,100-300,Sinistra,878329.111,4759298.141
473,100-300,Sinistra,878329.111,4758498.141
474,100-300,Sinistra,878329.111,4757698.141
475,100-300,Sinistra,878329.111,4756898.141
476,100-300,Sinistra,878329.111,4756098.141
477,100-300,Sinistra,878329.111,4755298.141
478,100-300,Sinistra,878329.111,4754498.141
479,100-300,Destra,878329.111,4753698.141
480,100-300,Destra,878329.111,4752898.141
481,100-300,Destra,878329.111,4752098.141
482,100-300,Destra,878329.111,4750498.141
483,100-300,Sinistra,879129.111,4759298.141
484,100-300,Sinistra,879129.111,4758498.141
485,100-300,Sinistra,879129.111,4757698.141
486,100-300,Sinistra,879129.111,4756898.141
487,100-300,Sinistra,879129.111,4756098.141
488,100-300,Sinistra,879129.111,4755298.141
489,50-100,Sinistra,879129.111,4754498.141
490,100-300,Destra,879129.111,4753698.141
491,100-300,Destra,879129.111,4752898.141
492,100-300,Destra,879129.111,4752098.141
493,100-300,Destra,879129.111,4750498.141
494,100-300,Sinistra,879929.111,4759298.141
495,100-300,Sinistra,879929.111,4758498.141
496,100-300,Sinistra,879929.111,4757698.141
497,100-300,Sinistra,879929.111,4756898.141
498,100-300,Sinistra,879929.111,4756098.141
499,50-100,Sinistra,879929.111,4755298.141
500,50-100,Destra,879929.111,4754498.141
501,100-300,Destra,879929.111,4753698.141
502,100-300,Destra,879929.111,4752898.141
503,100-300,Destra,879929.111,4752098.141
504,100-300,Sinistra,880729.111,4759298.141
505,100-300,Sinistra,880729.111,4758498.141
506,100-300,Sinistra,880729.111,4757698.141
507,100-300,Sinistra,880729.111,4756898.141
508,100-300,Sinistra,880729.111,4756098.141
509,100-300,Sinistra,880729.111,4755298.141
510,50-100,Destra,880729.111,4754498.141
511,100-300,Destra,880729.111,4753698.141
512,100-300,Destra,880729.111,4752898.141
513,100-300,Sinistra,881529.111,4759298.141
514,100-300,Sinistra,881529.111,4758498.141
515,100-300,Sinistra,881529.111,4757698.141
516,100-300,Sinistra,881529.111,4756898.141
517,100-300,Sinistra,881529.111,4756098.141
518,50-100,Sinistra,881529.111,4755298.141
519,50-100,Destra,881529.111,4754498.141
520,100-300,Destra,881529.111,4753698.141
521,100-300,Destra,881529.111,4752898.141
522,100-300,Sinistra,882329.111,4759298.141
523,100-300,Sinistra,882329.111,4758498.141
524,100-300,Sinistra,882329.111,4757698.141
525,100-300,Sinistra,882329.111,4756898.141
526,100-300,Sinistra,882329.111,4756098.141
527,50-100,Sinistra,882329.111,4755298.141
528,50-100,Destra,882329.111,4754498.141
529,100-300,Destra,882329.111,4753698.141
530,100-300,Destra,882329.111,4752898.141
531,100-300,Sinistra,883129.111,4759298.141
532,100-300,Sinistra,883129.111,4758498.141
533,100-300,Sinistra,883129.111,4757698.141
534,100-300,Sinistra,883129.111,4756898.141
535,50-100,Sinistra,883129.111,4756098.141
536,50-100,Sinistra,883129.111,4755298.141
537,50-100,Destra,883129.111,4754498.141
538,100-300,Destra,883129.111,4753698.141
539,50-100,Sinistra,883929.111,4759298.141
540,100-300,Sinistra,883929.111,4758498.141
541,100-300,Sinistra,883929.111,4757698.141
542,100-300,Sinistra,883929.111,4756898.141
543,50-100,Sinistra,883929.111,4756098.141
544,50-100,Sinistra,883929.111,4755298.141
545,50-100,Destra,883929.111,4754498.141
546,100-300,Destra,883929.111,4753698.141
547,100-300,Sinistra,884729.111,4759298.141
548,100-300,Sinistra,884729.111,4758498.141
549,100-300,Sinistra,884729.111,4757698.141
550,100-300,Sinistra,884729.111,4756898.141
551,50-100,Sinistra,884729.111,4756098.141
552,50-100,Sinistra,884729.111,4755298.141
553,50-100,Destra,884729.111,4754498.141
554,100-300,Destra,884729.111,4753698.141
555,100-300,Destra,885529.111,4754498.141
556,100-300,Destra,885529.111,4753698.141
557,100-300,Destra,886329.111,4754498.141
558,100-300,Destra,886329.111,4753698.141
559,100-300,Destra,887129.111,4754498.141
560,100-300,Destra,887129.111,4753698.141
561,100-300,Destra,887929.111,4754498.141
562,100-300,Destra,888729.111,4754498.141
563,100-300,Destra,889529.111,4754498.141
564,100-300,Sinistra,875129.111,4760898.141
565,100-300,Sinistra,875129.111,4760098.141
566,100-300,Sinistra,875929.111,4760898.141
567,100-300,Sinistra,875929.111,4760098.141
568,100-300,Sinistra,876729.111,4760098.141
569,100-300,Sinistra,877529.111,4762498.141
570,100-300,Sinistra,877529.111,4761698.141
571,100-300,Sinistra,878329.111,4761698.141
572,100-300,Sinistra,879129.111,4761698.141
573,100-300,Sinistra,879129.111,4760898.141
574,100-300,Sinistra,879929.111,4762498.141
575,100-300,Sinistra,879929.111,4761698.141
576,100-300,Sinistra,879929.111,4760898.141
577,100-300,Sinistra,879929.111,4760098.141
578,100-300,Sinistra,880729.111,4763298.141
579,100-300,Sinistra,880729.111,4762498.141
580,100-300,Sinistra,880729.111,4761698.141
581,100-300,Sinistra,880729.111,4760898.141
582,100-300,Sinistra,880729.111,4760098.141
583,100-300,Sinistra,881529.111,4764098.141
584,100-300,Sinistra,881529.111,4763298.141
585,100-300,Sinistra,881529.111,4762498.141
586,100-300,Sinistra,881529.111,4761698.141
587,100-300,Sinistra,881529.111,4760898.141
588,100-300,Sinistra,881529.111,4760098.141
589,100-300,Sinistra,882329.111,4764098.141
590,100-300,Sinistra,882329.111,4763298.141
591,100-300,Sinistra,882329.111,4762498.141
592,100-300,Sinistra,882329.111,4761698.141
593,100-300,Sinistra,882329.111,4760898.141
594,100-300,Sinistra,882329.111,4760098.141
595,100-300,Sinistra,883129.111,4764098.141
596,100-300,Sinistra,883129.111,4763298.141
597,100-300,Sinistra,883129.111,4762498.141
598,100-300,Sinistra,883129.111,4761698.141
599,100-300,Sinistra,883129.111,4760898.141
600,100-300,Sinistra,883129.111,4760098.141
601,100-300,Sinistra,883929.111,4765698.141
602,100-300,Sinistra,883929.111,4764898.141
603,100-300,Sinistra,883929.111,4764098.141
604,100-300,Sinistra,883929.111,4763298.141
605,100-300,Sinistra,883929.111,4762498.141
606,100-300,Sinistra,883929.111,4761698.141
607,100-300,Sinistra,883929.111,4760898.141
608,100-300,Sinistra,883929.111,4760098.141
609,100-300,Sinistra,884729.111,4765698.141
610,100-300,Sinistra,884729.111,4764898.141
611,100-300,Sinistra,884729.111,4764098.141
612,100-300,Sinistra,884729.111,4763298.141
613,100-300,Sinistra,884729.111,4762498.141
614,100-300,Sinistra,884729.111,4761698.141
615,100-300,Sinistra,884729.111,4760898.141
616,100-300,Sinistra,884729.111,4760098.141
617,100-300,Sinistra,885529.111,4765698.141
618,100-300,Sinistra,885529.111,4764098.141
619,100-300,Sinistra,885529.111,4763298.141
620,100-300,Sinistra,886329.111,4766498.141
621,100-300,Sinistra,886329.111,4765698.141
622,100-300,Sinistra,886329.111,4764898.141
623,100-300,Sinistra,886329.111,4764098.141
624,100-300,Sinistra,886329.111,4763298.141
625,100-300,Sinistra,887129.111,4766498.141
626,100-300,Sinistra,887129.111,4765698.141
627,100-300,Sinistra,887129.111,4764898.141
628,100-300,Sinistra,887129.111,4764098.141
629,100-300,Sinistra,887129.111,4763298.141
630,100-300,Sinistra,887929.111,4766498.141
631,100-300,Sinistra,887929.111,4765698.141
632,100-300,Sinistra,887929.111,4764898.141
633,50-100,Sinistra,887929.111,4764098.141
634,100-300,Sinistra,887929.111,4763298.141
635,100-300,Sinistra,888729.111,4765698.141
636,100-300,Sinistra,888729.111,4764898.141
637,50-100,Sinistra,888729.111,4764098.141
638,100-300,Sinistra,888729.111,4763298.141
639,100-300,Sinistra,889529.111,4766498.141
640,100-300,Sinistra,889529.111,4765698.141
641,100-300,Sinistra,889529.111,4764898.141
642,100-300,Sinistra,889529.111,4764098.141
643,100-300,Sinistra,889529.111,4763298.141
644,100-300,Sinistra,890329.111,4766498.141
645,100-300,Sinistra,890329.111,4765698.141
646,100-300,Sinistra,890329.111,4764898.141
647,100-300,Sinistra,890329.111,4764098.141
648,100-300,Sinistra,890329.111,4763298.141
649,100-300,Sinistra,891129.111,4765698.141
650,100-300,Sinistra,891129.111,4764898.141
651,100-300,Sinistra,891129.111,4764098.141
652,50-100,Sinistra,891129.111,4763298.141
653,100-300,Sinistra,891929.111,4764098.141
654,100-300,Sinistra,891929.111,4763298.141
655,100-300,Sinistra,892729.111,4763298.141
656,100-300,Sinistra,893529.111,4763298.141
657,100-300,Sinistra,894329.111,4763298.141
658,100-300,Sinistra,895129.111,4763298.141
659,100-300,Sinistra,897529.111,4763298.141
660,100-300,Sinistra,898329.111,4763298.141
1,>300,Testata,849529.111,4741298.141
2,>300,Testata,849529.111,4739298.141
3,>300,Testata,849529.111,4737298.141
4,>300,Testata,849529.111,4735298.141
5,>300,Testata,849529.111,4733298.141
6,>300,Testata,849529.111,4731298.141
7,>300,Testata,849529.111,4729298.141
8,>300,Testata,849529.111,4727298.141
9,>300,Testata,849529.111,4725298.141
10,>300,Testata,849529.111,4723298.141
11,>300,Testata,849529.111,4721298.141
12,>300,Testata,851529.111,4753298.141
13,>300,Testata,851529.111,4751298.141
14,>300,Testata,851529.111,4749298.141
15,>300,Testata,845529.111,4721298.141
16,>300,Testata,847529.111,4743298.141
17,>300,Testata,847529.111,4741298.141
18,>300,Testata,847529.111,4739298.141
19,>300,Testata,847529.111,4737298.141
20,>300,Testata,847529.111,4735298.141
21,>300,Testata,847529.111,4733298.141
22,>300,Testata,847529.111,4731298.141
23,>300,Testata,847529.111,4729298.141
24,>300,Testata,847529.111,4727298.141
25,>300,Testata,847529.111,4725298.141
26,>300,Testata,847529.111,4723298.141
27,>300,Testata,847529.111,4721298.141
28,>300,Testata,849529.111,4751298.141
29,>300,Testata,849529.111,4749298.141
30,>300,Testata,849529.111,4747298.141
31,>300,Testata,843529.111,4739298.141
32,>300,Testata,843529.111,4737298.141
33,>300,Testata,843529.111,4735298.141
34,>300,Testata,843529.111,4733298.141
35,>300,Testata,843529.111,4731298.141
36,>300,Testata,843529.111,4729298.141
37,>300,Testata,845529.111,4741298.141
38,>300,Testata,845529.111,4739298.141
39,>300,Testata,845529.111,4737298.141
40,>300,Testata,845529.111,4735298.141
41,>300,Testata,845529.111,4733298.141
42,>300,Testata,845529.111,4731298.141
43,>300,Testata,845529.111,4729298.141
44,>300,Testata,845529.111,4727298.141
45,>300,Testata,845529.111,4723298.141
46,>300,Testata,875529.111,4745298.141
47,>300,Testata,877529.111,4763298.141
48,>300,Testata,877529.111,4761298.141
49,>300,Testata,877529.111,4751298.141
50,>300,Testata,877529.111,4749298.141
51,>300,Testata,877529.111,4747298.141
52,>300,Testata,879529.111,4763298.141
53,>300,Testata,879529.111,4749298.141
54,>300,Testata,883529.111,4765298.141
55,>300,Testata,885529.111,4765298.141
56,>300,Testata,871529.111,4743298.141
57,>300,Testata,871529.111,4741298.141
58,>300,Testata,871529.111,4739298.141
59,>300,Testata,873529.111,4761298.141
60,>300,Testata,873529.111,4753298.141
61,>300,Testata,873529.111,4751298.141
62,>300,Testata,873529.111,4749298.141
63,>300,Testata,873529.111,4747298.141
64,>300,Testata,873529.111,4745298.141
65,>300,Testata,873529.111,4743298.141
66,>300,Testata,875529.111,4763298.141
67,>300,Testata,875529.111,4759298.141
68,>300,Testata,875529.111,4753298.141
69,>300,Testata,875529.111,4751298.141
70,>300,Testata,875529.111,4749298.141
71,>300,Testata,875529.111,4747298.141
72,>300,Testata,869529.111,4755298.141
73,>300,Testata,869529.111,4751298.141
74,>300,Testata,869529.111,4749298.141
75,>300,Testata,869529.111,4747298.141
76,>300,Testata,869529.111,4745298.141
77,>300,Testata,869529.111,4743298.141
78,>300,Testata,869529.111,4741298.141
79,>300,Testata,869529.111,4739298.141
80,>300,Testata,869529.111,4737298.141
81,>300,Testata,871529.111,4761298.141
82,>300,Testata,871529.111,4759298.141
83,>300,Testata,871529.111,4753298.141
84,>300,Testata,871529.111,4751298.141
85,>300,Testata,871529.111,4749298.141
86,>300,Testata,871529.111,4747298.141
87,>300,Testata,871529.111,4745298.141
88,>300,Testata,865529.111,4733298.141
89,>300,Testata,867529.111,4763298.141
90,>300,Testata,867529.111,4761298.141
91,>300,Testata,867529.111,4759298.141
92,>300,Testata,867529.111,4757298.141
93,>300,Testata,867529.111,4755298.141
94,>300,Testata,867529.111,4753298.141
95,>300,Testata,867529.111,4747298.141
96,>300,Testata,867529.111,4745298.141
97,>300,Testata,867529.111,4743298.141
98,>300,Testata,867529.111,4741298.141
99,>300,Testata,867529.111,4739298.141
100,>300,Testata,867529.111,4737298.141
101,>300,Testata,869529.111,4761298.141
102,>300,Testata,869529.111,4759298.141
103,>300,Testata,869529.111,4757298.141
104,>300,Testata,863529.111,4733298.141
105,>300,Testata,865529.111,4763298.141
106,>300,Testata,865529.111,4761298.141
107,>300,Testata,865529.111,4759298.141
108,>300,Testata,865529.111,4757298.141
109,>300,Testata,865529.111,4755298.141
110,>300,Testata,865529.111,4753298.141
111,>300,Testata,865529.111,4751298.141
112,>300,Testata,865529.111,4749298.141
113,>300,Testata,865529.111,4747298.141
114,>300,Testata,865529.111,4745298.141
115,>300,Testata,865529.111,4743298.141
116,>300,Testata,865529.111,4741298.141
117,>300,Testata,865529.111,4739298.141
118,>300,Testata,865529.111,4737298.141
119,>300,Testata,865529.111,4735298.141
120,>300,Testata,861529.111,4735298.141
121,>300,Testata,861529.111,4733298.141
122,>300,Testata,863529.111,4761298.141
123,>300,Testata,863529.111,4759298.141
124,>300,Testata,863529.111,4757298.141
125,>300,Testata,863529.111,4755298.141
126,>300,Testata,863529.111,4753298.141
127,>300,Testata,863529.111,4751298.141
128,>300,Testata,863529.111,4749298.141
129,>300,Testata,863529.111,4747298.141
130,>300,Testata,863529.111,4745298.141
131,>300,Testata,863529.111,4743298.141
132,>300,Testata,863529.111,4741298.141
133,>300,Testata,863529.111,4739298.141
134,>300,Testata,863529.111,4737298.141
135,>300,Testata,863529.111,4735298.141
136,>300,Testata,859529.111,4731298.141
137,>300,Testata,859529.111,4729298.141
138,>300,Testata,859529.111,4727298.141
139,>300,Testata,859529.111,4725298.141
140,>300,Testata,861529.111,4759298.141
141,>300,Testata,861529.111,4757298.141
142,>300,Testata,861529.111,4755298.141
143,>300,Testata,861529.111,4753298.141
144,>300,Testata,861529.111,4751298.141
145,>300,Testata,861529.111,4749298.141
146,>300,Testata,861529.111,4747298.141
147,>300,Testata,861529.111,4745298.141
148,>300,Testata,861529.111,4743298.141
149,>300,Testata,861529.111,4741298.141
150,>300,Testata,861529.111,4739298.141
151,>300,Testata,861529.111,4737298.141
152,>300,Testata,857529.111,4725298.141
153,>300,Testata,857529.111,4723298.141
154,>300,Testata,859529.111,4759298.141
155,>300,Testata,859529.111,4757298.141
156,>300,Testata,859529.111,4755298.141
157,>300,Testata,859529.111,4753298.141
158,>300,Testata,859529.111,4751298.141
159,>300,Testata,859529.111,4749298.141
160,>300,Testata,859529.111,4747298.141
161,>300,Testata,859529.111,4745298.141
162,>300,Testata,859529.111,4743298.141
163,>300,Testata,859529.111,4741298.141
164,>300,Testata,859529.111,4739298.141
165,>300,Testata,859529.111,4737298.141
166,>300,Testata,859529.111,4735298.141
167,>300,Testata,859529.111,4733298.141
168,>300,Testata,855529.111,4719298.141
169,>300,Testata,857529.111,4755298.141
170,>300,Testata,857529.111,4753298.141
171,>300,Testata,857529.111,4751298.141
172,>300,Testata,857529.111,4749298.141
173,>300,Testata,857529.111,4747298.141
174,>300,Testata,857529.111,4745298.141
175,>300,Testata,857529.111,4743298.141
176,>300,Testata,857529.111,4741298.141
177,>300,Testata,857529.111,4739298.141
178,>300,Testata,857529.111,4737298.141
179,>300,Testata,857529.111,4735298.141
180,>300,Testata,857529.111,4733298.141
181,>300,Testata,857529.111,4731298.141
182,>300,Testata,857529.111,4729298.141
183,>300,Testata,857529.111,4727298.141
184,>300,Testata,855529.111,4751298.141
185,>300,Testata,855529.111,4749298.141
186,>300,Testata,855529.111,4747298.141
187,>300,Testata,855529.111,4745298.141
188,>300,Testata,855529.111,4743298.141
189,>300,Testata,855529.111,4741298.141
190,>300,Testata,855529.111,4739298.141
191,>300,Testata,855529.111,4737298.141
192,>300,Testata,855529.111,4735298.141
193,>300,Testata,855529.111,4733298.141
194,>300,Testata,855529.111,4731298.141
195,>300,Testata,855529.111,4729298.141
196,>300,Testata,855529.111,4727298.141
197,>300,Testata,855529.111,4725298.141
198,>300,Testata,855529.111,4723298.141
199,>300,Testata,855529.111,4721298.141
200,>300,Testata,853529.111,4747298.141
201,>300,Testata,853529.111,4745298.141
202,>300,Testata,853529.111,4743298.141
203,>300,Testata,853529.111,4741298.141
204,>300,Testata,853529.111,4739298.141
205,>300,Testata,853529.111,4737298.141
206,>300,Testata,853529.111,4735298.141
207,>300,Testata,853529.111,4733298.141
208,>300,Testata,853529.111,4731298.141
209,>300,Testata,853529.111,4729298.141
210,>300,Testata,853529.111,4727298.141
211,>300,Testata,853529.111,4725298.141
212,>300,Testata,853529.111,4723298.141
213,>300,Testata,853529.111,4721298.141
214,>300,Testata,855529.111,4755298.141
215,>300,Testata,855529.111,4753298.141
216,>300,Testata,851529.111,4747298.141
217,>300,Testata,851529.111,4745298.141
218,>300,Testata,851529.111,4743298.141
219,>300,Testata,851529.111,4741298.141
220,>300,Testata,851529.111,4739298.141
221,>300,Testata,851529.111,4737298.141
222,>300,Testata,851529.111,4735298.141
223,>300,Testata,851529.111,4733298.141
224,>300,Testata,851529.111,4731298.141
225,>300,Testata,851529.111,4729298.141
226,>300,Testata,851529.111,4727298.141
227,>300,Testata,851529.111,4725298.141
228,>300,Testata,851529.111,4723298.141
229,>300,Testata,853529.111,4753298.141
230,>300,Testata,853529.111,4751298.141
231,>300,Testata,853529.111,4749298.141
232,>300,Testata,849529.111,4745298.141
233,>300,Testata,849529.111,4743298.141
