id,year,yrbirth,apr.wt,calf
B100,2005,2004,24,0
B100,2007,2004,47.5,0
B100,2008,2004,45.5,1
B100,2009,2004,44.5,0
B100,2010,2004,47.5,0
B100,2012,2004,50,0
B100,2013,2004,60,1
B100,2015,2004,50.5,0
B101,2006,2004,NA,0
B101,2008,2004,NA,0
B101,2010,2004,NA,0
B101,2011,2004,NA,1
B101,2012,2004,52,0
B101,2014,2004,57.5,1
B102,2005,2004,25,0
B102,2008,2004,NA,0
B102,2009,2004,54.5,1
B103,2005,2004,23,0
B103,2006,2004,NA,0
B103,2007,2004,NA,0
B103,2008,2004,NA,0
B103,2009,2004,48,0
B103,2010,2004,NA,1
B103,2011,2004,NA,0
B103,2013,2004,NA,1
B103,2014,2004,NA,0
B103,2018,2004,NA,1
B104,2005,2004,22,0
B104,2007,2004,40,0
B104,2008,2004,NA,0
B104,2009,2004,41,0
B104,2010,2004,NA,0
B104,2013,2004,NA,1
B104,2015,2004,NA,0
B104,2016,2004,46.5,0
B105,2005,2004,25.2,0
B105,2006,2004,37.4,0
B105,2007,2004,NA,1
B105,2009,2004,NA,0
B105,2010,2004,57.5,0
B105,2012,2004,50.5,0
B105,2013,2004,NA,1
B105,2014,2004,54.5,0
B105,2015,2004,56,1
B105,2017,2004,NA,0
B105,2018,2004,NA,0
B105,2019,2004,NA,0
B106,2005,2004,25,0
B106,2006,2004,32.2,0
B106,2007,2004,46.5,0
B106,2008,2004,NA,0
B106,2009,2004,52.5,1
B106,2011,2004,NA,1
B106,2012,2004,57,1
B106,2013,2004,56,1
B106,2015,2004,46,0
B106,2018,2004,NA,0
B107,2005,2004,21,0
B107,2006,2004,NA,1
B107,2007,2004,NA,1
B110,2005,2004,23.5,0
B112,2005,2004,23,0
B114,2006,2004,35,0
B114,2008,2004,NA,0
B114,2009,2004,51.2,1
B115,2011,2004,NA,1
B115,2013,2004,NA,0
B116,2009,2004,NA,1
B120,2005,2004,26,0
B120,2008,2004,NA,0
B120,2009,2004,53.5,0
B120,2012,2004,54.5,0
B120,2013,2004,63,1
B120,2014,2004,54.5,0
B120,2015,2004,51,0
B122,2012,2004,46.5,0
B123,2005,2004,23.2,0
B123,2006,2004,NA,0
B123,2008,2004,40,0
B123,2009,2004,49.5,0
B123,2012,2004,42,0
B123,2013,2004,52,1
B123,2015,2004,51,1
B124,2005,2004,25.5,0
B124,2006,2004,NA,0
B124,2008,2004,NA,0
B124,2009,2004,NA,1
B124,2010,2004,50.5,0
B124,2013,2004,NA,1
B125,2006,2004,32.2,0
B125,2009,2004,43,0
B125,2010,2004,47.5,1
B125,2012,2004,43.2,0
B126,2011,2009,40.5,0
B126,2012,2009,39.5,0
B126,2013,2009,58.5,0
B126,2016,2009,60,0
B126,2018,2009,NA,1
B128,2013,2009,NA,1
B128,2014,2009,56.5,0
B128,2015,2009,NA,1
B128,2017,2009,52.5,1
B128,2018,2009,56,0
B128,2019,2009,NA,0
B129,2010,2009,24,0
B129,2013,2009,55,1
B129,2015,2009,51,1
B129,2019,2009,NA,1
B130,2012,2009,46.5,0
B130,2013,2009,53,0
B130,2014,2009,53,0
B130,2015,2009,54,0
B130,2017,2009,NA,0
B130,2018,2009,54.2,1
B130,2019,2009,NA,1
B135,2010,2009,22.5,0
B135,2011,2009,36.5,0
B135,2013,2009,53.5,1
B135,2014,2009,50.5,1
B135,2015,2009,NA,1
B135,2016,2009,49.5,0
B135,2018,2009,53.5,1
B137,2010,2009,23,0
B137,2012,2009,49.2,1
B137,2013,2009,NA,0
B137,2015,2009,50.5,1
B137,2016,2009,63,1
B137,2017,2009,56,0
B139,2010,2009,27.5,0
B139,2011,2009,37.5,0
B139,2012,2009,50,1
B139,2013,2009,NA,0
B139,2014,2009,NA,1
B139,2016,2009,61,1
B139,2017,2009,NA,1
B139,2018,2009,NA,1
B139,2019,2009,NA,1
B14,1996,1995,24,0
B140,2010,2009,25.5,0
B140,2011,2009,41.5,0
B140,2012,2009,41,0
B140,2013,2009,58.5,1
B140,2014,2009,NA,1
B140,2015,2009,50,0
B140,2018,2009,53.5,0
B147,2011,2009,NA,0
B147,2014,2009,NA,1
B147,2015,2009,56,1
B147,2016,2009,NA,1
B147,2017,2009,65,1
B147,2019,2009,NA,0
B148,2011,2009,NA,0
B149,2011,2009,38.5,0
B149,2012,2009,38.5,1
B149,2014,2009,NA,0
B149,2016,2009,NA,1
B149,2018,2009,NA,1
B15,1996,1995,22.9,0
B15,1997,1995,NA,0
B15,1998,1995,NA,0
B15,1999,1995,60.5,1
B15,2000,1995,52,0
B15,2001,1995,62,1
B15,2002,1995,NA,1
B15,2003,1995,NA,1
B15,2005,1995,NA,1
B15,2006,1995,NA,0
B15,2007,1995,NA,1
B150,2014,2009,NA,1
B151,2010,2009,21,0
B151,2013,2009,NA,1
B151,2014,2009,56,1
B151,2016,2009,58.5,1
B153,2010,2009,21.5,0
B153,2012,2009,49,1
B153,2013,2009,NA,1
B153,2015,2009,53.5,0
B153,2018,2009,NA,0
B154,2011,2009,45.5,1
B154,2012,2009,42,1
B154,2014,2009,51,1
B156,2010,2009,23,0
B156,2012,2009,44,0
B156,2013,2009,56.5,1
B156,2015,2009,48.5,1
B156,2016,2009,NA,1
B156,2017,2009,NA,1
B156,2019,2009,49.5,1
B157,2010,2009,25,0
B157,2012,2009,36,0
B157,2013,2009,NA,1
B157,2014,2009,50,1
B157,2016,2009,58.5,1
B157,2017,2009,50,1
B157,2018,2009,NA,1
B158,2010,2009,22.5,0
B158,2013,2009,NA,1
B158,2014,2009,45.5,0
B158,2015,2009,49,0
B158,2018,2009,50.5,1
B158,2019,2009,NA,0
B161,2010,2009,29.5,0
B161,2012,2009,50.5,1
B161,2014,2009,56,1
B161,2015,2009,55,0
B161,2017,2009,NA,1
B161,2018,2009,NA,1
B161,2019,2009,NA,0
B162,2010,2009,22,0
B162,2015,2009,NA,1
B165,2016,2009,56,0
B166,2010,2009,22,0
B166,2012,2009,NA,0
B166,2019,2009,NA,1
B167,2012,2009,47,0
B168,2014,2009,NA,1
B168,2015,2009,NA,0
B168,2016,2009,NA,1
B168,2019,2009,NA,0
B17,1997,1995,NA,0
B17,1998,1995,55.8,1
B17,1999,1995,51.5,1
B17,2000,1995,48,0
B17,2002,1995,NA,0
B17,2003,1995,59.6,1
B17,2004,1995,54,1
B17,2006,1995,NA,0
B17,2007,1995,NA,1
B170,2013,2009,NA,1
B170,2015,2009,NA,1
B170,2017,2009,NA,1
B170,2018,2009,NA,1
B170,2019,2009,NA,1
B171,2010,2009,24,0
B171,2013,2009,NA,1
B171,2014,2009,NA,1
B171,2015,2009,50.5,1
B171,2016,2009,58.5,1
B171,2018,2009,NA,1
B171,2019,2009,51.5,1
B176,2012,2009,NA,0
B176,2013,2009,NA,0
B176,2014,2009,NA,0
B176,2015,2009,53.5,1
B176,2016,2009,NA,1
B176,2017,2009,NA,1
B176,2018,2009,57.5,1
B176,2019,2009,NA,0
B177,2014,2009,NA,0
B179,2011,2009,NA,1
B18,1997,1995,NA,0
B18,1998,1995,54.8,1
B18,1999,1995,57.5,1
B18,2000,1995,50,0
B18,2001,1995,65.2,1
B18,2002,1995,54,1
B18,2003,1995,62,0
B18,2004,1995,65,1
B18,2005,1995,NA,0
B18,2006,1995,59.5,1
B18,2007,1995,53,1
B180,2011,2009,NA,0
B181,2016,2014,NA,0
B181,2017,2014,48.5,1
B181,2018,2014,NA,1
B184,2015,2014,22.5,0
B185,2015,2014,22,0
B185,2019,2014,NA,1
B19,1998,1995,52.5,0
B19,1999,1995,66,1
B198,2016,2014,36,0
B198,2018,2014,NA,1
B198,2019,2014,NA,0
B199,2015,2014,21,0
B199,2017,2014,45.5,0
B199,2018,2014,50,1
B2,2008,1995,NA,0
B200,2016,2014,38,0
B200,2018,2014,49.5,0
B200,2019,2014,53.5,1
B201,2017,2014,NA,0
B202,2017,2014,43.5,1
B202,2018,2014,50.5,1
B202,2019,2014,NA,0
B203,2015,2014,22,0
B203,2017,2014,NA,0
B203,2018,2014,60,0
B204,2016,2014,40,0
B204,2019,2014,44.5,0
B205,2016,2014,40,0
B205,2017,2014,53,1
B21,1996,1995,24,0
B21,1997,1995,NA,0
B21,1998,1995,NA,1
B21,1999,1995,NA,1
B21,2000,1995,NA,1
B21,2001,1995,55,0
B21,2003,1995,62.5,1
B21,2004,1995,NA,1
B212,2016,2014,NA,0
B212,2018,2014,53,0
B213,2015,2014,20.5,0
B213,2016,2014,41,0
B213,2017,2014,NA,1
B214,2015,2014,21,0
B214,2017,2014,45.5,0
B214,2019,2014,47.5,1
B215,2015,2014,23,0
B215,2017,2014,49.5,1
B215,2018,2014,NA,0
B218,2015,2014,23.5,0
B219,2015,2014,24,0
B219,2016,2014,42,0
B219,2017,2014,49.5,1
B219,2018,2014,NA,1
B219,2019,2014,NA,1
B22,1996,1995,23,0
B22,1998,1995,45.3,0
B22,1999,1995,55.5,0
B22,2001,1995,NA,0
B22,2003,1995,49.6,1
B22,2004,1995,NA,1
B22,2005,1995,NA,1
B220,2015,2014,24,0
B220,2016,2014,42,1
B220,2017,2014,NA,0
B220,2018,2014,NA,1
B220,2019,2014,NA,1
B221,2015,2014,21.5,0
B221,2017,2014,NA,1
B221,2019,2014,50.5,1
B23,1996,1995,26.2,0
B23,1997,1995,NA,0
B23,1998,1995,NA,1
B23,1999,1995,59.5,1
B23,2000,1995,58.7,1
B23,2001,1995,NA,0
B23,2002,1995,NA,0
B23,2003,1995,61.3,1
B23,2004,1995,NA,1
B23,2005,1995,NA,1
B23,2006,1995,NA,0
B23,2007,1995,NA,0
B24,1997,1995,NA,0
B24,1998,1995,45.5,1
B24,1999,1995,51.2,1
B24,2000,1995,42.5,0
B24,2001,1995,NA,1
B24,2002,1995,40.3,0
B24,2003,1995,57.5,1
B24,2005,1995,52,1
B24,2006,1995,NA,0
B24,2007,1995,NA,1
B24,2008,1995,43.5,0
B25,1996,1995,22.2,0
B25,1997,1995,NA,0
B25,1998,1995,52.5,1
B25,1999,1995,53,1
B26,1997,1995,46.5,1
B26,1999,1995,NA,1
B26,2000,1995,NA,1
B3,1997,1995,35.5,0
B3,1998,1995,NA,1
B3,1999,1995,NA,0
B3,2000,1995,56.5,1
B33,2001,2000,25,0
B33,2002,2000,30,0
B34,2004,2000,NA,1
B34,2005,2000,48,1
B34,2006,2000,NA,0
B34,2008,2000,42,0
B35,2001,2000,24.8,0
B35,2004,2000,NA,0
B35,2005,2000,NA,0
B35,2006,2000,NA,1
B35,2007,2000,NA,1
B36,2001,2000,28,0
B38,2001,2000,28,0
B38,2003,2000,44.6,0
B39,2001,2000,25.5,0
B39,2002,2000,NA,0
B39,2003,2000,NA,1
B39,2004,2000,46.2,0
B39,2006,2000,NA,0
B39,2007,2000,49.5,0
B39,2009,2000,51.5,1
B39,2011,2000,NA,0
B39,2012,2000,50,0
B39,2013,2000,46.5,0
B39,2016,2000,NA,0
B40,2001,2000,26.2,0
B40,2002,2000,NA,0
B40,2006,2000,NA,0
B40,2007,2000,55,1
B40,2008,2000,38.5,0
B40,2009,2000,NA,1
B40,2012,2000,40.5,1
B40,2013,2000,54,0
B40,2014,2000,NA,1
B44,2001,2000,27,0
B44,2004,2000,NA,0
B44,2006,2000,NA,0
B44,2007,2000,NA,1
B44,2008,2000,39,0
B44,2010,2000,NA,0
B45,2001,2000,24.8,0
B45,2002,2000,31,0
B45,2004,2000,NA,1
B45,2005,2000,NA,1
B45,2006,2000,49.3,0
B45,2007,2000,50,1
B46,2002,2000,NA,0
B46,2003,2000,47,0
B46,2006,2000,NA,1
B46,2012,2000,NA,0
B47,2002,2000,NA,0
B47,2003,2000,50.5,0
B47,2005,2000,NA,1
B47,2008,2000,45.5,0
B47,2009,2000,NA,0
B47,2010,2000,53,0
B47,2011,2000,56.5,1
B47,2012,2000,NA,0
B47,2013,2000,NA,1
B47,2014,2000,NA,0
B47,2017,2000,47.5,0
B49,2002,2000,NA,0
B49,2003,2000,51,1
B55,2003,2000,46,1
B55,2005,2000,NA,1
B56,2001,2000,28,0
B56,2002,2000,NA,0
B56,2003,2000,NA,1
B56,2004,2000,NA,0
B56,2005,2000,59,1
B56,2006,2000,56,1
B56,2007,2000,52.5,0
B56,2008,2000,NA,0
B56,2009,2000,52,1
B57,2001,2000,25.2,0
B57,2003,2000,42,0
B57,2006,2000,NA,0
B57,2007,2000,NA,1
B6,1997,1995,NA,0
B6,1998,1995,NA,1
B6,1999,1995,NA,1
B6,2000,1995,NA,1
B6,2001,1995,NA,1
B6,2003,1995,60,1
B6,2005,1995,60,1
B61,2001,2000,24.8,0
B61,2003,2000,45.2,1
B61,2005,2000,48.5,1
B61,2006,2000,48.5,1
B61,2007,2000,45.5,1
B61,2008,2000,39,0
B62,2001,2000,25.5,0
B62,2002,2000,32.5,0
B62,2003,2000,NA,0
B62,2005,2000,NA,1
B62,2006,2000,NA,1
B62,2007,2000,NA,1
B62,2008,2000,35.5,0
B62,2009,2000,NA,1
B62,2011,2000,NA,1
B62,2013,2000,NA,1
B62,2014,2000,NA,0
B63,2001,2000,29.5,0
B63,2002,2000,35.7,0
B63,2003,2000,53.5,1
B63,2004,2000,NA,0
B63,2005,2000,NA,1
B63,2006,2000,54.5,1
B63,2007,2000,NA,1
B63,2015,2000,NA,0
B65,2001,2000,28,0
B65,2004,2000,45,1
B65,2012,2000,NA,1
B65,2013,2000,NA,1
B65,2015,2000,NA,0
B66,2002,2000,37,0
B66,2004,2000,NA,1
B66,2005,2000,NA,1
B66,2006,2000,51.2,1
B67,2001,2000,29,0
B67,2003,2000,49.5,1
B67,2004,2000,47.2,0
B67,2005,2000,58.5,1
B67,2007,2000,57.5,1
B68,2002,2000,30.5,0
B68,2003,2000,46.5,1
B68,2005,2000,NA,0
B68,2006,2000,49,0
B71,2005,2004,22.8,0
B71,2006,2004,47,0
B71,2009,2004,NA,1
B73,2005,2004,24,0
B78,2005,2004,24.5,0
B78,2008,2004,42.5,0
B79,2005,2004,23,0
B79,2006,2004,NA,0
B79,2007,2004,NA,0
B79,2012,2004,43,0
B79,2013,2004,NA,1
B79,2015,2004,45,1
B79,2017,2004,45,0
B8,1997,1995,NA,0
B8,1998,1995,52,1
B8,2000,1995,NA,0
B8,2001,1995,60.8,1
B8,2002,1995,NA,0
B8,2005,1995,NA,1
B8,2007,1995,NA,1
B81,2005,2004,20.2,0
B81,2006,2004,NA,0
B81,2012,2004,37,0
B81,2013,2004,NA,1
B91,2005,2004,23,0
B92,2005,2004,23,0
B92,2006,2004,NA,0
B92,2007,2004,NA,0
B92,2008,2004,NA,0
B92,2009,2004,NA,1
B92,2010,2004,49,0
B92,2011,2004,NA,0
B92,2012,2004,60.5,1
B92,2013,2004,54.5,1
B92,2015,2004,47.5,0
B92,2017,2004,NA,0
B92,2018,2004,NA,0
B92,2019,2004,46,0
B93,2008,2004,NA,0
B93,2009,2004,55,1
B93,2011,2004,53.5,0
B93,2013,2004,NA,1
B94,2005,2004,26,0
B94,2006,2004,NA,0
B94,2008,2004,NA,0
B94,2009,2004,55.2,1
B94,2010,2004,53,1
B94,2011,2004,NA,1
B94,2012,2004,53.5,1
B94,2013,2004,NA,0
B94,2015,2004,NA,1
B95,2006,2004,NA,0
B96,2005,2004,22.5,0
B96,2006,2004,37,0
B96,2007,2004,50,0
B96,2008,2004,NA,0
B96,2010,2004,57,1
B96,2012,2004,54.5,1
B96,2013,2004,60.5,0
B96,2014,2004,59.2,0
B96,2015,2004,NA,1
B96,2016,2004,58,1
B96,2017,2004,50.5,0
B96,2018,2004,60,0
B97,2014,2004,NA,1
B98,2007,2004,52,0
B98,2008,2004,46,0
B99,2005,2004,25,0
B99,2006,2004,33,0
B99,2007,2004,46,0
G1,1999,1998,22.5,0
G1,2000,1998,33.3,0
G100,2009,2006,43.5,1
G100,2010,2006,42.5,0
G100,2011,2006,NA,1
G100,2012,2006,37.5,0
G100,2013,2006,NA,1
G100,2014,2006,55.7,1
G100,2015,2006,NA,0
G100,2016,2006,66.5,1
G100,2017,2006,50.5,1
G101,2007,2006,22.5,0
G101,2008,2006,NA,0
G112,2007,2006,25.5,0
G112,2008,2006,30.5,0
G112,2009,2006,NA,0
G112,2010,2006,45,0
G115c,2012,2006,47.5,0
G117,2014,2011,48.5,1
G117,2015,2011,43,0
G117,2016,2011,NA,1
G117,2017,2011,52.5,0
G117,2018,2011,62.25,0
G118,2013,2011,38,0
G118,2015,2011,55,1
G118,2017,2011,54.5,1
G118,2018,2011,60.75,0
G119,2014,2011,50.5,0
G119,2015,2011,NA,0
G119,2017,2011,NA,1
G120,2012,2011,21.5,0
G120,2015,2011,50,1
G120,2016,2011,52.5,1
G120,2017,2011,NA,0
G120,2018,2011,NA,1
G120,2019,2011,NA,1
G122,2015,2011,NA,0
G123,2013,2011,46,1
G123,2014,2011,48.5,0
G123,2016,2011,53,1
G123,2017,2011,NA,0
G123,2019,2011,54.75,1
G124,2017,2011,NA,1
G125,2013,2011,NA,0
G125,2014,2011,51.5,1
G125,2015,2011,NA,1
G125,2016,2011,NA,0
G125,2018,2011,NA,1
G128,2018,2011,NA,1
G129,2017,2011,NA,1
G13,1999,1998,26.6,0
G13,2000,1998,NA,0
G13,2001,1998,NA,1
G13,2002,1998,47.7,0
G13,2003,1998,56.3,1
G13,2004,1998,55.5,0
G13,2005,1998,NA,1
G13,2006,1998,NA,0
G13,2007,1998,NA,0
G13,2009,1998,58.7,0
G130,2012,2011,19,0
G130,2018,2011,NA,0
G132,2012,2011,19,0
G132,2013,2011,39,0
G132,2014,2011,49.5,1
G132,2015,2011,41.5,0
G132,2016,2011,NA,1
G132,2018,2011,NA,1
G132,2019,2011,NA,1
G134,2012,2011,19.2,0
G134,2013,2011,34.5,0
G134,2015,2011,NA,0
G135,2016,2011,50.5,0
G135,2018,2011,NA,1
G14,1999,1998,26,0
G14,2000,1998,NA,0
G14,2001,1998,NA,0
G14,2003,1998,NA,1
G14,2004,1998,46.3,0
G14,2005,1998,54.5,1
G14,2006,1998,NA,0
G14,2007,1998,50.5,0
G140,2016,2011,66.5,1
G141,2015,2011,45.5,1
G141,2017,2011,43.8,0
G141,2018,2011,55.75,0
G142,2012,2011,22,0
G142,2014,2011,47,1
G142,2015,2011,NA,1
G142,2018,2011,NA,1
G142,2019,2011,46,0
G143,2012,2011,23.5,0
G143,2013,2011,42.8,0
G143,2014,2011,51,1
G143,2015,2011,49,1
G143,2017,2011,56,1
G143,2018,2011,NA,1
G143,2019,2011,NA,1
G144,2012,2011,25,0
G144,2014,2011,NA,1
G144,2015,2011,45.5,1
G144,2016,2011,NA,1
G144,2019,2011,51,1
G146,2012,2011,22,0
G148,2013,2011,36,0
G148,2017,2011,NA,1
G148,2018,2011,NA,1
G148,2019,2011,NA,1
G149,2012,2011,21,0
G149,2013,2011,NA,1
G149,2014,2011,NA,1
G149,2016,2011,52.5,1
G15,1999,1998,29,0
G15,2000,1998,38.5,0
G15,2001,1998,NA,1
G15,2002,1998,43.8,0
G15,2003,1998,60.6,1
G15,2004,1998,NA,1
G15,2005,1998,59.5,1
G15,2006,1998,NA,1
G15,2009,1998,59.2,1
G15,2010,1998,NA,0
G15,2011,1998,NA,1
G150,2014,2011,NA,1
G150,2015,2011,NA,0
G154,2013,2011,43,1
G154,2014,2011,NA,1
G16,2003,1998,NA,1
G160,2017,2016,27,0
G160,2018,2016,39.5,0
G162,2019,2016,48.5,1
G164,2018,2016,NA,1
G164,2019,2016,50.2,1
G166,2019,2016,NA,1
G168,2017,2016,30,0
G171,2018,2016,35,0
G171,2019,2016,NA,0
G174,2017,2016,28,0
G174,2018,2016,41.5,0
G174,2019,2016,50,1
G175,2017,2016,22,0
G175,2018,2016,NA,0
G175,2019,2016,46,0
G18,1999,1998,28.5,0
G18,2000,1998,40,0
G18,2001,1998,55.2,1
G18,2008,1998,NA,0
G180,2018,2016,39.5,0
G185,2018,2016,36.5,1
G187,2019,2016,NA,0
G188,2017,2016,24,0
G189,2018,2016,35.5,0
G192,2017,2016,24,0
G193,2018,2016,NA,0
G2,1999,1998,26,0
G2,2000,1998,39,0
G2,2003,1998,NA,1
G2,2004,1998,NA,1
G2,2005,1998,NA,0
G2,2006,1998,NA,0
G2,2007,1998,NA,1
G20,1999,1998,30.5,0
G21,1999,1998,28.5,0
G21,2000,1998,NA,0
G21,2001,1998,NA,1
G22,1999,1998,26.6,0
G22,2000,1998,NA,0
G22,2001,1998,NA,1
G22,2002,1998,36.5,0
G22,2003,1998,56,0
G22,2004,1998,NA,1
G22,2005,1998,53.2,1
G22,2006,1998,NA,0
G22,2007,1998,NA,1
G22,2008,1998,NA,0
G22,2009,1998,52.3,1
G22,2010,1998,NA,0
G22,2011,1998,54.7,1
G22,2012,1998,NA,0
G23,1999,1998,27.2,0
G23,2000,1998,42.4,0
G23,2001,1998,55,1
G23,2003,1998,52.2,1
G23,2004,1998,NA,0
G23,2005,1998,61.2,1
G24,1999,1998,27.5,0
G24,2000,1998,43,0
G24,2005,1998,NA,1
G25,2000,1998,NA,0
G26,1999,1998,29.2,0
G26,2000,1998,41,0
G26,2002,1998,NA,1
G26,2003,1998,NA,1
G26,2004,1998,NA,1
G26,2005,1998,NA,1
G26,2006,1998,NA,1
G26,2007,1998,NA,1
G27,1999,1998,27,0
G28,1999,1998,27,0
G31,1999,1998,28.8,0
G31,2000,1998,NA,0
G31,2001,1998,57,1
G31,2002,1998,NA,0
G31,2003,1998,59.7,1
G31,2004,1998,55.5,1
G31,2005,1998,NA,1
G31,2006,1998,NA,0
G31,2007,1998,59,1
G31,2008,1998,NA,0
G32,1999,1998,32.5,0
G33,1999,1998,23.5,0
G33,2001,1998,NA,1
G33,2002,1998,39.5,0
G33,2005,1998,47.5,1
G33,2006,1998,49,0
G33,2007,1998,NA,1
G33,2008,1998,40,0
G33,2009,1998,NA,1
G33,2010,1998,40.5,0
G34,1999,1998,26.5,0
G34,2000,1998,NA,0
G34,2001,1998,NA,0
G34,2002,1998,49,0
G34,2004,1998,NA,1
G34,2005,1998,55,1
G34,2006,1998,51.5,0
G34,2007,1998,NA,1
G35,1999,1998,29,0
G35,2000,1998,39.5,0
G35,2001,1998,NA,1
G35,2003,1998,59.3,1
G35,2005,1998,NA,0
G35,2006,1998,NA,1
G37,2001,1998,53,1
G37,2002,1998,41.8,0
G37,2003,1998,56.8,1
G37,2004,1998,NA,1
G37,2005,1998,54.5,1
G37,2006,1998,54.5,1
G37,2007,1998,NA,0
G37,2008,1998,NA,0
G39,2005,2002,41,0
G39,2006,2002,51,1
G39,2007,2002,NA,1
G39,2010,2002,45,0
G40,2003,2002,25,0
G41,2003,2002,23,0
G41,2005,2002,NA,0
G41,2006,2002,50.5,1
G41,2007,2002,47,1
G42,2003,2002,26,0
G42,2006,2002,43,0
G42,2007,2002,NA,0
G42,2008,2002,NA,1
G43,2003,2002,23,0
G43,2004,2002,33,0
G43,2005,2002,39,0
G43,2006,2002,43,0
G44,2003,2002,24.5,0
G44,2005,2002,NA,1
G44,2006,2002,NA,0
G45,2003,2002,23,0
G45,2006,2002,NA,0
G45,2007,2002,51,0
G49,2006,2002,41,0
G49,2007,2002,56,1
G5,1999,1998,24.5,0
G5,2000,1998,NA,0
G52,2003,2002,22,0
G52,2004,2002,NA,0
G52,2006,2002,NA,0
G52,2007,2002,NA,0
G52,2008,2002,NA,0
G52,2009,2002,NA,0
G52,2010,2002,NA,1
G52,2011,2002,52,0
G52,2014,2002,47,0
G53,2004,2002,44.3,1
G53,2005,2002,NA,1
G53,2006,2002,41.1,0
G53,2007,2002,53.5,0
G53,2008,2002,49.5,1
G53,2016,2002,NA,1
G54,2003,2002,26.5,0
G54,2005,2002,NA,0
G54,2009,2002,52.5,1
G55,2003,2002,23.8,0
G55,2004,2002,NA,0
G55,2006,2002,53,0
G61,2003,2002,24.5,0
G61,2004,2002,NA,0
G61,2005,2002,43,0
G61,2006,2002,NA,0
G61,2007,2002,49,0
G61,2008,2002,38,0
G61,2009,2002,41.5,0
G61,2011,2002,NA,0
G61,2012,2002,NA,0
G61,2014,2002,NA,0
G63,2008,2002,NA,0
G63,2009,2002,NA,1
G63,2010,2002,NA,0
G63,2012,2002,NA,0
G63,2014,2002,NA,0
G63,2016,2002,52,1
G71,2005,2002,NA,1
G71,2006,2002,41,0
G72,2004,2002,NA,0
G72,2005,2002,41.5,1
G72,2006,2002,NA,0
G72,2009,2002,42,0
G72,2018,2002,NA,0
G73,2003,2002,22.2,0
G73,2005,2002,41,0
G73,2006,2002,47.5,1
G73,2007,2002,43,1
G73,2008,2002,NA,0
G73,2009,2002,NA,1
G73,2010,2002,43.5,0
G8,1999,1998,26.5,0
G8,2000,1998,35,0
G8,2003,1998,NA,1
G8,2005,1998,NA,1
G8,2006,1998,NA,0
G87,2009,2006,42,0
G89,2007,2006,26.7,0
G89,2010,2006,40.5,0
G89,2012,2006,53.5,1
G89,2013,2006,55,0
G89,2014,2006,57,1
G89,2015,2006,51,0
G89,2017,2006,NA,0
G9,1999,1998,28.2,0
G9,2000,1998,40.4,0
G9,2001,1998,NA,1
G9,2002,1998,NA,0
G9,2003,1998,NA,1
G9,2004,1998,NA,1
G9,2006,1998,55.5,1
G9,2008,1998,NA,0
G9,2009,1998,53.5,1
G91,2007,2006,17.2,0
G92,2008,2006,NA,0
G92,2009,2006,NA,0
G92,2010,2006,NA,0
G92,2012,2006,50.5,0
G92,2013,2006,NA,1
G92,2014,2006,49.5,1
G92,2016,2006,54.5,1
G92,2017,2006,NA,0
G92,2018,2006,48.5,0
G92,2019,2006,47,0
G93,2012,2006,NA,1
G94,2007,2006,23,0
G94,2008,2006,NA,0
G94,2009,2006,43,1
G94,2012,2006,NA,0
G94,2017,2006,NA,0
G95,2007,2006,27,0
G95,2008,2006,NA,0
G95,2009,2006,47,0
G95,2010,2006,51.5,0
G95,2014,2006,51.2,0
G95,2016,2006,64,1
G95,2017,2006,52.5,1
G95,2018,2006,66,1
G98,2012,2006,NA,0
G98,2014,2006,NA,1
G98,2015,2006,53.5,1
G98,2016,2006,52.5,0
G99,2007,2006,20,0
G99,2008,2006,29,0
G99,2009,2006,NA,1
G99,2012,2006,46,1
G99,2013,2006,NA,1
G99,2014,2006,NA,0
G99,2015,2006,41,1
G99,2017,2006,NA,0
R105,1997,1989,52.7,1
R105,1998,1989,57,1
R105,1999,1989,NA,1
R105,2000,1989,54,0
R105,2001,1989,NA,0
R109,1997,1993,56.5,1
R109,1998,1993,53.8,1
R109,1999,1993,NA,1
R109,2001,1993,63.2,0
R109,2002,1993,51,0
R109,2005,1993,NA,1
R109,2006,1993,NA,0
R125,1997,1988,52,1
R125,1998,1988,NA,0
R125,1999,1988,63.5,1
R125,2000,1988,52.2,1
R125,2001,1988,NA,1
R127,1997,1987,57,1
R127,1998,1987,NA,0
R127,1999,1987,62,1
R127,2000,1987,50.5,0
R127,2001,1987,62.5,1
R135,1997,1986,51,0
R135,1998,1986,58.8,1
R135,1999,1986,47.5,0
R149,1997,1993,48.4,1
R149,1998,1993,53.8,1
R149,2001,1993,NA,1
R149,2002,1993,NA,0
R149,2003,1993,NA,1
R149,2006,1993,NA,0
R151,1997,1990,52.5,1
R156,1997,1989,45.5,0
R156,1998,1989,60.5,1
R156,1999,1989,55.5,1
R156,2000,1989,52,1
R156,2001,1989,52.5,1
R156,2002,1989,NA,0
R156,2003,1989,47.5,0
R156,2004,1989,NA,0
R161,1997,1992,59,1
R161,1998,1992,62.5,1
R161,1999,1992,56.5,0
R161,2000,1992,NA,1
R161,2001,1992,61,1
R161,2002,1992,NA,1
R161,2003,1992,58.2,1
R172,1998,1988,54.5,1
R172,1999,1988,49.8,1
R178,1998,1986,44.5,0
R178,1999,1986,49,0
R178,2000,1986,NA,0
R178,2001,1986,NA,0
R186,2000,1993,57,1
R186,2002,1993,NA,0
R186,2006,1993,NA,0
R186,2007,1993,NA,0
R187,1998,1994,62.5,1
R187,1999,1994,66,1
R188,1998,1987,63.5,1
R188,1999,1987,59,0
R188,2001,1987,55.5,1
R196,1999,1992,NA,1
R20,1997,1990,36.5,0
R20,1998,1990,52.5,1
R20,1999,1990,48.5,0
R20,2000,1990,51.5,0
R20,2001,1990,NA,1
R209,1999,1994,56,1
R213,1999,1997,46,0
R213,2000,1997,NA,0
R213,2001,1997,NA,1
R213,2002,1997,NA,1
R213,2003,1997,NA,1
R213,2006,1997,NA,1
R213,2008,1997,NA,0
R213,2009,1997,NA,1
R216,1999,1994,55.5,1
R217,1999,1993,58,1
R219,1999,1993,58.5,0
R220,1999,1989,56.8,1
R222,1999,1986,48,0
R226,2000,1992,50,1
R228,1999,1993,53.5,1
R231,1999,1995,53,1
R233,1999,1983,55,1
R234,1999,1989,62.5,1
R234,2000,1989,57.2,1
R234,2001,1989,NA,1
R235,1995,1993,34,0
R235,1997,1993,NA,1
R235,2000,1993,41.5,0
R235,2001,1993,NA,1
R235,2002,1993,NA,0
R235,2003,1993,42.2,1
R235,2004,1993,NA,1
R240c,2003,2002,28,0
R240c,2004,2002,NA,0
R240c,2006,2002,57,1
R240c,2007,2002,NA,1
R240c,2008,2002,NA,0
R240c,2009,2002,56.5,0
R240c,2010,2002,57.5,1
R240c,2011,2002,53,0
R241s,2005,1998,58,0
R241s,2007,1998,NA,1
R243,2007,2006,25,0
R243,2008,2006,NA,0
R243,2014,2006,62.5,1
R243,2015,2006,NA,1
R243,2016,2006,NA,1
R245,2008,2006,28,0
R245,2009,2006,NA,1
R245,2010,2006,45,0
R245,2012,2006,NA,0
R245,2013,2006,54,1
R245,2014,2006,NA,0
R245,2015,2006,NA,1
R245,2017,2006,NA,1
R245,2018,2006,NA,1
R246,2008,2006,NA,0
R246,2009,2006,36.5,0
R246,2010,2006,38.5,0
R246,2011,2006,NA,1
R246,2012,2006,46.5,1
R246,2013,2006,NA,0
R246,2015,2006,NA,0
R246,2016,2006,57,1
R246,2017,2006,NA,1
R246,2018,2006,47.5,1
R262,2009,2007,34.5,0
R264,2009,2007,34.5,1
R264,2010,2007,39,0
R264,2013,2007,60,1
R264,2015,2007,45,0
R264,2016,2007,58,0
R264,2019,2007,NA,0
R268,2008,2007,21.5,0
R268,2010,2007,47.5,1
R268,2011,2007,NA,1
R268,2012,2007,NA,0
R268,2013,2007,59,1
R268,2015,2007,59.5,1
R268,2016,2007,NA,1
R268,2017,2007,NA,1
R268,2018,2007,NA,0
R268,2019,2007,NA,1
R279,2018,2007,NA,1
R28,1999,1991,55,0
R280,2009,2007,39,0
R286,2013,2011,33.5,0
R286,2014,2011,42,0
R286,2015,2011,50.5,1
R286,2016,2011,NA,1
R286,2017,2011,NA,1
R286,2019,2011,NA,1
R287,2012,2011,25,0
R288,2013,2011,40.5,0
R288,2014,2011,NA,1
R288,2015,2011,NA,1
R288,2016,2011,NA,1
R288,2017,2011,56,1
R288,2019,2011,NA,0
R289,2012,2011,22,0
R289,2013,2011,34.5,0
R289,2014,2011,NA,0
R289,2017,2011,50,1
R289,2018,2011,53.5,1
R289,2019,2011,46.75,1
R290,2015,2011,NA,0
R290,2016,2011,NA,1
R290,2017,2011,54,1
R290,2018,2011,54.5,1
R291,2012,2011,23.5,0
R291,2013,2011,NA,0
R291,2016,2011,49,1
R291,2018,2011,NA,0
R291,2019,2011,NA,1
R297,2014,2012,NA,0
R297,2015,2012,40.5,0
R297,2017,2012,48.5,0
R297,2018,2012,55.25,0
R298,2013,2012,28.5,0
R298,2014,2012,42,1
R299,2014,2012,44,0
R299,2015,2012,NA,0
R299,2016,2012,64.5,1
R299,2017,2012,53.2,1
R310,2013,2012,29,0
R310,2014,2012,41,0
R310,2015,2012,48.5,0
R310,2017,2012,60,1
R310,2018,2012,55.25,0
R311,2013,2012,22.5,0
R311,2015,2012,NA,0
R312,2013,2012,27,0
R312,2014,2012,42,1
R312,2015,2012,42,1
R312,2016,2012,NA,0
R312,2018,2012,56.25,0
R312,2019,2012,55.75,1
R313,2014,2012,38,0
R314,2015,2012,NA,1
R314,2016,2012,NA,0
R315,2013,2012,24.5,0
R315,2016,2012,38.5,0
R316,2013,2012,21.5,0
R316,2015,2012,37.5,1
R316,2016,2012,51.5,1
R316,2017,2012,46.5,0
R318,2015,2012,42.5,0
R318,2018,2012,50.75,1
R318,2019,2012,NA,1
R319,2013,2012,25.5,0
R319,2014,2012,NA,0
R319,2015,2012,NA,0
R319,2016,2012,53,0
R319,2017,2012,59,1
R319,2018,2012,NA,1
R319,2019,2012,42,0
R320,2014,2012,NA,0
R320,2015,2012,49.5,0
R320,2016,2012,57,1
R320,2018,2012,56,1
R320,2019,2012,44.75,0
R321,2013,2012,25.5,0
R321,2014,2012,NA,0
R321,2017,2012,NA,1
R324,2015,2012,47,1
R325,2013,2012,25.5,0
R326,2013,2012,27.5,0
R327,2013,2012,26.5,0
R327,2014,2012,40.8,0
R327,2015,2012,48,0
R33,1996,1988,48.3,0
R33,1997,1988,NA,1
R33,1998,1988,NA,0
R33,1999,1988,NA,1
R344,2018,2017,22.5,0
R344,2019,2017,NA,0
R347,2018,2017,25,0
R347,2019,2017,NA,0
R350,2018,2017,20,0
R353,2018,2017,23,0
R353,2019,2017,30.5,0
R354,2018,2017,26,0
R354,2019,2017,NA,0
R357,2019,2017,NA,0
R359,2019,2017,NA,0
R361,2019,2017,34,0
R363,2018,2017,23.7,0
R363,2019,2017,NA,0
R364,2018,2017,24.5,0
R364,2019,2017,33,0
R370,2018,2017,28,0
R370,2019,2017,40.25,1
R371,2018,2017,19.5,0
R371,2019,2017,31,0
R372,2018,2017,24,0
R38,1996,1988,49.4,0
R38,1997,1988,63.8,1
R38,1998,1988,64,1
R38,1999,1988,60,1
R38,2000,1988,51,1
R38,2001,1988,NA,1
R380,2018,2017,22.7,0
R380,2019,2017,NA,0
R387,2018,2017,26.5,0
R390,2019,2017,32.5,0
R396,2018,2017,23.5,0
R396,2019,2017,NA,0
R399,2018,2017,21.5,0
R399,2019,2017,NA,0
R45,1995,1989,50.3,1
R45,1996,1989,NA,1
R45,1997,1989,NA,0
R45,1998,1989,NA,1
R45,1999,1989,51,1
R45,2000,1989,NA,1
R45,2001,1989,54.8,1
R53,1997,1989,NA,1
R53,1998,1989,52,1
R53,1999,1989,NA,1
R53,2000,1989,NA,0
R53,2001,1989,NA,1
R56,1995,1984,46,0
R58,1995,1993,NA,0
R58,1996,1993,40.2,0
R58,1997,1993,48.5,0
R58,1998,1993,NA,1
R58,1999,1993,NA,0
R58,2000,1993,NA,0
R58,2002,1993,NA,1
R58,2003,1993,NA,0
R58,2004,1993,NA,0
R59,1995,1991,58,1
R59,1996,1991,39.8,0
R59,1997,1991,NA,1
R59,1998,1991,51,1
R59,1999,1991,NA,0
R59,2000,1991,NA,0
R59,2001,1991,NA,1
R61,1995,1989,59.5,1
R61,1996,1989,35.8,0
R61,1997,1989,NA,1
R61,1998,1989,56.5,1
R64,1995,1989,53.7,1
R64,1996,1989,39.6,0
R64,1997,1989,NA,1
R69,1995,1989,NA,1
R69,1996,1989,39.2,0
R69,1997,1989,NA,1
R69,1998,1989,56.5,1
R69,1999,1989,53,1
R69,2000,1989,50.4,0
R72,1995,1989,60,1
R72,1996,1989,45.6,0
R72,1997,1989,62,1
R72,1998,1989,NA,1
R72,1999,1989,60.5,1
R72,2000,1989,NA,0
R72,2001,1989,62.5,1
R75,1995,1993,39.6,0
R75,1996,1993,37.5,1
R75,1997,1993,NA,1
R75,1998,1993,NA,0
R75,1999,1993,58.5,1
R75,2000,1993,NA,0
R75,2001,1993,NA,1
R76,1995,1993,38,0
R76,1996,1993,NA,0
R76,1997,1993,NA,0
R76,1998,1993,55.3,1
R76,1999,1993,NA,1
R76,2000,1993,NA,0
R76,2002,1993,43.5,0
R76,2003,1993,57,1
R76,2005,1993,NA,1
R79,1997,1993,NA,1
R79,1998,1993,61.5,0
R79,1999,1993,55,1
R79,2000,1993,NA,0
R79,2002,1993,NA,0
R80,1995,1993,40.4,1
R80,1997,1993,NA,1
R80,1998,1993,52,1
R80,1999,1993,NA,1
R80,2000,1993,NA,1
R80,2001,1993,NA,1
R80,2002,1993,44,0
R80,2003,1993,NA,1
R80,2005,1993,NA,1
R80,2006,1993,NA,0
R80,2007,1993,47,0
R81,1995,1993,37,0
R81,1996,1993,NA,0
R81,1997,1993,53.3,1
R81,1998,1993,48.5,1
R81,1999,1993,50,1
R81,2000,1993,NA,0
R81,2001,1993,60,1
R81,2004,1993,NA,1
R81,2005,1993,NA,0
R82,1998,1993,NA,1
R82,1999,1993,NA,1
R89,1995,1993,39.5,0
R89,1996,1993,41.7,0
R89,1997,1993,NA,0
R89,1998,1993,63.5,1
R89,1999,1993,NA,1
R89,2000,1993,NA,1
R89,2001,1993,59,1
R89,2002,1993,NA,0
R89,2003,1993,NA,1
R90,1999,1993,NA,1
R90,2008,1993,NA,0
R92,1999,1993,NA,0
R92,2000,1993,55,1
R92,2006,1993,NA,0
RK,1995,1991,NA,1
RK,1996,1991,37.3,0
RK,1997,1991,NA,0
RK,1998,1991,57.5,1
RK,1999,1991,50,0
RK,2000,1991,NA,0
RK,2001,1991,NA,0
RK,2003,1991,52,0
RK,2004,1991,51,0
RK,2005,1991,NA,0
RK,2006,1991,49,0
RM,1995,1991,51.9,1
RN,1995,1990,NA,1
RP,1995,1983,50.4,1
RP,1996,1983,NA,0
RP,1997,1983,NA,1
RP,1998,1983,NA,0
RP,1999,1983,NA,1
RW,1995,1991,61,1
RY,1997,1990,NA,1
RY,1998,1990,60.3,1
RY,1999,1990,59,1
RY,2000,1990,NA,1
RY,2001,1990,NA,1
W100,2008,2005,NA,0
W100,2010,2005,46.5,0
W100,2011,2005,53,1
W100,2012,2005,52,1
W100,2013,2005,52,1
W100,2015,2005,NA,0
W100,2018,2005,NA,1
W101,2006,2005,25,0
W101,2008,2005,NA,0
W101,2009,2005,NA,1
W101,2013,2005,56,1
W101,2015,2005,NA,1
W102,2006,2005,29.5,0
W102,2008,2005,NA,0
W102,2009,2005,55.5,1
W102,2010,2005,NA,1
W102,2012,2005,NA,1
W102,2013,2005,60.5,0
W102,2014,2005,64,1
W102,2017,2005,NA,0
W103,2010,2005,NA,0
W103,2014,2005,NA,1
W103,2015,2005,NA,0
W105,2009,2005,48.5,0
W106,2011,2010,24,0
W106,2012,2010,28.5,0
W106,2013,2010,NA,1
W106,2014,2010,NA,0
W106,2017,2010,NA,1
W106,2018,2010,55.5,1
W108,2013,2010,NA,1
W109,2013,2010,NA,1
W11,1998,1997,29,0
W11,1999,1997,36.5,0
W11,2000,1997,45,0
W11,2001,1997,NA,1
W11,2002,1997,NA,0
W11,2003,1997,57.5,0
W11,2004,1997,NA,0
W11,2005,1997,58.5,1
W11,2006,1997,NA,0
W11,2008,1997,52.5,0
W11,2009,1997,NA,0
W11,2011,1997,NA,1
W112,2012,2010,32.5,0
W113,2012,2010,NA,0
W113,2013,2010,52.5,1
W113,2014,2010,NA,1
W113,2015,2010,53,1
W114,2011,2010,26,0
W114,2012,2010,36,0
W114,2013,2010,50,1
W114,2015,2010,48,1
W115,2011,2010,24.5,0
W115,2012,2010,32,0
W115,2013,2010,46.5,1
W115,2014,2010,NA,0
W115,2015,2010,NA,1
W115,2019,2010,50.5,0
W120,2012,2010,NA,0
W120,2014,2010,NA,1
W120,2015,2010,NA,1
W120,2017,2010,NA,1
W120,2018,2010,NA,1
W120,2019,2010,NA,1
W121,2011,2010,24,0
W121,2012,2010,24.5,0
W121,2013,2010,47,1
W125,2011,2010,28,0
W125,2013,2010,55,0
W125,2015,2010,53.5,1
W125,2019,2010,54.25,1
W126,2012,2010,37.5,0
W126,2014,2010,41.5,0
W126,2015,2010,49,1
W126,2017,2010,NA,1
W126,2018,2010,NA,1
W127,2012,2010,NA,0
W127,2013,2010,NA,1
W127,2014,2010,45,1
W127,2015,2010,NA,1
W127,2016,2010,52.5,1
W127,2017,2010,50,0
W127,2018,2010,56.25,1
W127,2019,2010,45.25,0
W128,2012,2010,NA,0
W128,2013,2010,47.5,1
W128,2014,2010,NA,1
W128,2016,2010,NA,1
W128,2017,2010,NA,1
W128,2018,2010,50,1
W128,2019,2010,NA,1
W129,2012,2010,44,1
W129,2014,2010,NA,1
W13,1999,1997,NA,1
W13,2000,1997,NA,0
W13,2003,1997,50.5,1
W13,2006,1997,NA,0
W130,2014,2010,NA,1
W130,2015,2010,NA,1
W130,2016,2010,NA,1
W130,2017,2010,NA,0
W130,2018,2010,NA,1
W130,2019,2010,NA,0
W136,2011,2010,20.6,0
W136,2012,2010,31.5,0
W136,2013,2010,NA,1
W136,2014,2010,NA,1
W136,2015,2010,NA,0
W137,2012,2010,NA,0
W137,2014,2010,42.5,1
W137,2015,2010,43.5,0
W137,2018,2010,50,1
W138,2013,2010,NA,1
W138,2016,2010,NA,1
W138,2018,2010,54,1
W138,2019,2010,NA,1
W139,2012,2010,38.5,0
W139,2017,2010,61.3,1
W139,2018,2010,61.25,1
W14,2004,1997,NA,1
W140,2011,2010,28,0
W140,2012,2010,NA,0
W140,2014,2010,50.5,1
W140,2015,2010,NA,1
W140,2016,2010,NA,0
W140,2018,2010,59,0
W140,2019,2010,57.5,1
W141,2019,2010,NA,0
W143,2011,2010,23.8,0
W143,2012,2010,34,0
W143,2014,2010,50,1
W143,2015,2010,NA,1
W143,2016,2010,52,1
W143,2017,2010,NA,1
W143,2018,2010,NA,1
W144,2015,2010,46.5,1
W144,2019,2010,NA,0
W145,2011,2010,23.5,0
W145,2012,2010,27,0
W145,2013,2010,NA,1
W145,2014,2010,NA,1
W145,2018,2010,NA,1
W146,2014,2010,51,1
W15,1998,1997,29.5,0
W15,1999,1997,NA,0
W15,2000,1997,54.5,1
W15,2001,1997,54.5,0
W15,2002,1997,47,0
W15,2003,1997,NA,1
W15,2004,1997,NA,1
W15,2005,1997,NA,0
W15,2006,1997,NA,1
W15,2007,1997,NA,1
W150,2013,2010,44.5,1
W150,2015,2010,40,0
W150,2016,2010,54,1
W150,2017,2010,46,0
W150,2018,2010,50.75,1
W150,2019,2010,42.25,1
W16,1998,1997,27.5,0
W16,1999,1997,46.5,0
W16,2000,1997,NA,1
W16,2001,1997,54.5,1
W16,2002,1997,NA,0
W16,2003,1997,54,1
W16,2005,1997,54.5,1
W16,2006,1997,NA,1
W16,2007,1997,50,0
W16,2008,1997,NA,1
W16,2009,1997,NA,0
W16,2011,1997,55,1
W162,2016,2015,25.5,0
W162,2017,2015,NA,0
W162,2018,2015,50.5,0
W162,2019,2015,47,0
W163,2016,2015,28,0
W163,2017,2015,40,0
W163,2018,2015,49,0
W163,2019,2015,52,1
W166,2018,2015,49.5,1
W166,2019,2015,43,0
W167,2016,2015,25.5,0
W167,2017,2015,NA,0
W169,2017,2015,NA,0
W169,2018,2015,NA,0
W169,2019,2015,54,0
W17,1998,1997,21,0
W17,1999,1997,29.2,0
W17,2001,1997,48,1
W17,2002,1997,31.5,0
W17,2005,1997,NA,1
W170,2017,2015,37.5,0
W170,2018,2015,47.5,1
W170,2019,2015,53.5,1
W172,2016,2015,27,0
W172,2018,2015,NA,1
W177,2018,2015,36,0
W177,2019,2015,NA,1
W178,2016,2015,25,0
W178,2017,2015,35,0
W178,2018,2015,52,1
W178,2019,2015,NA,0
W183,2018,2015,47.5,0
W183,2019,2015,NA,0
W184,2019,2015,NA,0
W186,2016,2015,22.5,0
W186,2017,2015,NA,0
W187,2016,2015,22.5,0
W188,2016,2015,29,0
W189,2019,2015,41,0
W19,1998,1997,27,0
W19,1999,1997,NA,0
W19,2000,1997,NA,0
W190,2016,2015,27,0
W190,2017,2015,NA,0
W190,2018,2015,46,0
W191,2016,2015,28.5,0
W191,2018,2015,48.5,1
W192,2016,2015,28,0
W192,2017,2015,35,0
W192,2018,2015,46.5,0
W192,2019,2015,49,1
W193,2017,2015,NA,0
W193,2018,2015,NA,0
W193,2019,2015,48.5,1
W194,2016,2015,23.5,0
W194,2017,2015,NA,0
W194,2018,2015,NA,1
W196,2016,2015,25,0
W196,2017,2015,34.5,0
W196,2018,2015,50,0
W196,2019,2015,NA,1
W2,1997,1996,19.5,0
W20,1998,1997,23,0
W20,1999,1997,NA,0
W20,2000,1997,NA,0
W20,2001,1997,NA,1
W20,2003,1997,NA,0
W202,2018,2015,47.5,1
W209,2017,2015,NA,0
W209,2018,2015,47.5,1
W212,2017,2015,NA,0
W212,2018,2015,46.5,1
W212,2019,2015,NA,0
W216,2016,2015,25.5,0
W216,2017,2015,35.5,0
W216,2018,2015,NA,0
W216,2019,2015,52,0
W218,2017,2015,NA,0
W218,2018,2015,NA,1
W218,2019,2015,NA,1
W219,2018,2015,NA,1
W220,2016,2015,26,0
W220,2017,2015,NA,1
W220,2018,2015,48,0
W221,2017,2015,NA,0
W221,2018,2015,46.5,0
W24,1998,1997,24.2,0
W24,2003,1997,NA,0
W25,1998,1997,23,0
W25,1999,1997,39,1
W26,2000,1997,NA,0
W26,2005,1997,60,0
W27,2000,1997,49.5,1
W27,2004,1997,48.7,1
W27,2005,1997,45.5,0
W28,1998,1997,22.7,0
W28,1999,1997,38,0
W28,2000,1997,50,0
W28,2002,1997,NA,0
W28,2004,1997,52.5,0
W28,2007,1997,53,1
W29,1998,1997,30,0
W29,1999,1997,NA,0
W29,2000,1997,NA,0
W3,1997,1996,24.5,0
W3,1998,1996,NA,0
W3,1999,1996,48,1
W3,2000,1996,47,0
W3,2001,1996,NA,1
W3,2002,1996,40.2,0
W3,2003,1996,56.2,1
W31,2000,1997,NA,0
W31,2005,1997,NA,1
W37,1998,1997,20.1,0
W37,1999,1997,NA,0
W37,2000,1997,40.5,0
W37,2002,1997,46.8,1
W37,2003,1997,46,1
W37,2005,1997,50,1
W37,2006,1997,NA,0
W38,1998,1997,29,0
W38,1999,1997,46.5,0
W38,2000,1997,NA,1
W38,2001,1997,NA,1
W38,2002,1997,43.5,0
W38,2003,1997,62.5,1
W38,2005,1997,NA,1
W38,2006,1997,58.5,1
W38,2007,1997,NA,0
W38,2008,1997,NA,0
W38,2009,1997,57,1
W39,1998,1997,26.5,0
W39,1999,1997,43,0
W39,2000,1997,NA,0
W39,2001,1997,NA,1
W39,2002,1997,NA,1
W39,2005,1997,53.5,1
W39,2006,1997,NA,1
W39,2008,1997,NA,0
W39,2009,1997,53.2,1
W4,1997,1996,22,0
W4,1998,1996,36.2,0
W4,1999,1996,48.5,1
W4,2002,1996,42,0
W4,2003,1996,52.6,1
W4,2005,1996,51,0
W4,2006,1996,NA,0
W4,2007,1996,53.5,1
W4,2008,1996,NA,0
W4,2009,1996,NA,0
W4,2010,1996,NA,0
W4,2011,1996,NA,0
W40,1999,1997,NA,1
W40,2000,1997,39,0
W40,2001,1997,55,1
W40,2002,1997,NA,0
W40,2004,1997,53.8,1
W40,2006,1997,NA,1
W41,1998,1997,26,0
W41,2001,1997,47.5,0
W41,2002,1997,41.5,0
W41,2005,1997,49.5,1
W41,2006,1997,NA,0
W41,2007,1997,NA,0
W41,2008,1997,NA,0
W41,2009,1997,NA,0
W41,2010,1997,NA,0
W42,1998,1997,27,0
W42,1999,1997,NA,0
W42,2000,1997,43.5,0
W42,2005,1997,NA,1
W43,2000,1997,NA,0
W44,1999,1997,NA,0
W45,1999,1997,45.5,1
W45,2000,1997,42.3,0
W45,2001,1997,58.5,1
W45,2002,1997,44,0
W45,2003,1997,62,1
W45,2005,1997,55.5,1
W45,2006,1997,NA,1
W46,1999,1997,41,0
W46,2000,1997,51,0
W46,2001,1997,59.8,0
W46,2002,1997,56.8,0
W46,2003,1997,56.5,1
W46,2004,1997,NA,0
W46,2005,1997,NA,1
W47,2000,1997,41.5,0
W47,2001,1997,NA,1
W47,2003,1997,49,1
W47,2005,1997,NA,1
W49,1999,1997,37.8,0
W49,2000,1997,NA,0
W49,2001,1997,NA,1
W5,1998,1996,34,0
W5,1999,1996,NA,0
W5,2000,1996,NA,1
W50,1999,1997,41.5,1
W51,1999,1997,41.5,1
W51,2000,1997,NA,1
W51,2001,1997,NA,1
W52,1999,1997,40.5,0
W52,2001,1997,64,1
W52,2002,1997,NA,0
W52,2004,1997,NA,1
W52,2007,1997,NA,0
W52,2008,1997,50,0
W54,1999,1997,44,0
W54,2000,1997,50.5,1
W55,1999,1997,37.2,0
W55,2000,1997,45,0
W55,2002,1997,33.5,0
W55,2003,1997,50.5,1
W55,2005,1997,51.5,0
W55,2007,1997,NA,0
W6,1998,1996,39.7,1
W63,2018,2001,NA,0
W64,2002,2001,26,0
W64,2003,2001,43.5,0
W64,2005,2001,56,1
W64,2006,2001,55.5,1
W64,2008,2001,53,1
W64,2012,2001,NA,1
W64,2013,2001,NA,1
W64,2014,2001,53.5,0
W65,2002,2001,26.2,0
W65,2003,2001,41.3,0
W65,2006,2001,NA,0
W65,2007,2001,NA,0
W65,2008,2001,NA,1
W66,2002,2001,22.8,0
W66,2004,2001,47.5,1
W66,2006,2001,NA,1
W66,2007,2001,51,1
W66,2008,2001,39,0
W66,2009,2001,NA,1
W66,2010,2001,47.5,1
W67,2002,2001,24.2,0
W67,2004,2001,NA,1
W67,2008,2001,49.5,0
W68,2008,2001,NA,0
W68,2009,2001,NA,1
W68,2011,2001,NA,0
W68,2012,2001,NA,0
W68,2014,2001,NA,1
W7,2009,1997,49.5,0
W7,2010,1997,NA,1
W70,2009,2001,NA,1
W70,2010,2001,NA,0
W70,2011,2001,56.5,1
W70,2012,2001,NA,0
W71,2006,2005,23.5,0
W71,2010,2005,NA,1
W71,2011,2005,NA,1
W71,2012,2005,51.5,1
W71,2013,2005,NA,1
W71,2017,2005,NA,0
W72,2009,2005,45.5,0
W72,2010,2005,50,1
W74,2006,2005,22,0
W74,2008,2005,35,0
W74,2009,2005,47,0
W76,2006,2005,26,0
W76,2009,2005,NA,1
W76,2011,2005,56.5,1
W76,2012,2005,51.8,1
W76,2013,2005,56.5,1
W76,2015,2005,51.5,0
W76,2017,2005,NA,1
W76,2018,2005,47.5,0
W76,2019,2005,NA,0
W77,2006,2005,21.2,0
W78,2008,2005,NA,0
W78,2013,2005,57,1
W78,2019,2005,NA,0
W82,2006,2005,28.5,0
W82,2007,2005,NA,0
W91,2009,2005,55.5,1
W91,2010,2005,NA,1
W91,2011,2005,NA,0
W91,2012,2005,NA,0
W91,2015,2005,61,1
W91,2017,2005,60,1
W91,2018,2005,NA,0
W92,2007,2005,36,0
W92,2008,2005,NA,1
W92,2009,2005,NA,0
W92,2010,2005,54,0
W92,2011,2005,NA,1
W93,2006,2005,24.5,0
W93,2008,2005,NA,0
W93,2009,2005,54,1
W93,2013,2005,63.5,1
W93,2015,2005,NA,0
W93,2017,2005,NA,1
W95,2009,2005,49.5,1
Y10,1998,1994,50,1
Y10,1999,1994,49,1
Y10,2000,1994,NA,1
Y10,2001,1994,56,1
Y10,2003,1994,55.7,1
Y10,2004,1994,NA,0
Y10,2005,1994,56,1
Y101,2004,2003,28,0
Y101,2005,2003,NA,0
Y101,2006,2003,NA,0
Y101,2007,2003,NA,1
Y101,2008,2003,NA,0
Y101,2009,2003,58,0
Y101,2010,2003,59,1
Y101,2012,2003,53.5,0
Y101,2013,2003,61.5,1
Y101,2014,2003,NA,1
Y102,2004,2003,23.2,0
Y102,2005,2003,NA,0
Y104,2005,2003,38,0
Y104,2008,2003,40.5,0
Y104,2009,2003,NA,1
Y104,2013,2003,55.5,0
Y104,2014,2003,62,1
Y104,2015,2003,53.5,0
Y105,2005,2003,43.5,0
Y105,2008,2003,NA,0
Y105,2009,2003,57,1
Y105,2011,2003,NA,1
Y105,2012,2003,NA,0
Y105,2014,2003,NA,1
Y111,2005,2003,45,1
Y111,2008,2003,NA,0
Y111,2012,2003,54,1
Y111,2013,2003,59.5,1
Y112,2005,2003,37,0
Y112,2006,2003,47,1
Y112,2009,2003,48.8,1
Y112,2010,2003,NA,0
Y112,2011,2003,NA,0
Y112,2012,2003,52.5,1
Y112,2017,2003,NA,0
Y113,2013,2003,NA,0
Y116,2008,2003,NA,0
Y117,2004,2003,24.7,0
Y117,2005,2003,NA,0
Y117,2006,2003,50,1
Y117,2007,2003,50,1
Y117,2008,2003,41,0
Y117,2009,2003,51.5,0
Y117,2010,2003,59.5,1
Y117,2013,2003,57.5,0
Y117,2014,2003,59,1
Y117,2015,2003,NA,1
Y117,2016,2003,55,1
Y118,2004,2003,24.5,0
Y119,2007,2003,NA,1
Y120,2009,2008,23.2,0
Y120,2011,2008,46.5,0
Y120,2012,2008,50.5,1
Y120,2014,2008,56,0
Y120,2015,2008,55,1
Y120,2017,2008,NA,0
Y120,2018,2008,58.5,1
Y120,2019,2008,50.25,0
Y121,2013,2008,NA,1
Y124,2010,2008,36.5,0
Y124,2011,2008,NA,1
Y124,2012,2008,50,1
Y124,2013,2008,NA,1
Y124,2014,2008,54,1
Y124,2015,2008,52.5,1
Y124,2016,2008,NA,1
Y124,2018,2008,53,1
Y127,2010,2008,31.5,0
Y127,2011,2008,NA,1
Y127,2012,2008,NA,0
Y127,2013,2008,52.5,1
Y127,2015,2008,48.5,1
Y127,2016,2008,50.5,1
Y129,2009,2008,23.3,0
Y129,2011,2008,44.3,1
Y129,2012,2008,42,1
Y129,2013,2008,NA,1
Y129,2014,2008,50.5,1
Y129,2015,2008,NA,0
Y129,2016,2008,47.5,1
Y129,2018,2008,NA,1
Y129,2019,2008,NA,0
Y136,2014,2013,26.5,0
Y136,2016,2013,54.5,1
Y136,2017,2013,53.5,1
Y136,2018,2013,NA,1
Y136,2019,2013,54.25,1
Y137,2014,2013,26.5,0
Y137,2015,2013,35.5,0
Y137,2016,2013,53,1
Y137,2018,2013,54.25,1
Y137,2019,2013,56.25,1
Y139,2017,2013,53.5,1
Y140,2015,2013,NA,1
Y141,2015,2013,NA,0
Y141,2016,2013,NA,0
Y145,2014,2013,21.2,0
Y146,2014,2013,25.5,0
Y146,2015,2013,NA,0
Y146,2016,2013,59.5,0
Y147,2014,2013,26.8,0
Y147,2015,2013,NA,0
Y147,2016,2013,56,1
Y147,2018,2013,61,1
Y147,2019,2013,49.75,1
Y149,2017,2013,NA,1
Y154,2016,2013,56,1
Y16,1995,1994,28.4,0
Y16,1996,1994,NA,0
Y16,1997,1994,50,1
Y16,1998,1994,50.5,1
Y16,1999,1994,57.3,1
Y16,2000,1994,53,1
Y16,2001,1994,NA,1
Y16,2010,1994,NA,0
Y162,2014,2013,24.5,0
Y162,2015,2013,NA,0
Y163,2014,2013,28,0
Y163,2017,2013,53,0
Y164,2017,2013,NA,1
Y165,2014,2013,25.5,0
Y167,2016,2013,51,1
Y167,2017,2013,49.5,0
Y169,2016,2013,NA,0
Y169,2018,2013,46,1
Y2,1995,1994,27.6,0
Y20,1999,1994,57.5,1
Y203,2014,2013,28,0
Y203,2015,2013,NA,0
Y203,2018,2013,NA,1
Y204,2014,2013,29,0
Y204,2015,2013,NA,0
Y205,2014,2013,26.5,0
Y205,2015,2013,NA,1
Y205,2017,2013,53,1
Y205,2019,2013,50.75,1
Y206,2014,2013,24,0
Y206,2015,2013,35,0
Y206,2016,2013,50.5,1
Y206,2017,2013,NA,0
Y207,2018,2013,NA,1
Y209,2014,2013,24,0
Y209,2015,2013,34,0
Y209,2017,2013,NA,1
Y22,1995,1994,26,0
Y22,1997,1994,39,0
Y22,1998,1994,NA,1
Y22,1999,1994,NA,1
Y22,2000,1994,46,0
Y22,2001,1994,NA,1
Y22,2006,1994,NA,1
Y223,2015,2013,33,0
Y223,2017,2013,NA,1
Y224,2017,2013,NA,0
Y225,2017,2013,NA,1
Y23,2000,1994,42.8,0
Y23,2001,1994,49.5,1
Y23,2002,1994,NA,0
Y24,1995,1994,27.8,0
Y24,1997,1994,49.7,1
Y24,1998,1994,49,1
Y24,1999,1994,NA,1
Y24,2000,1994,NA,0
Y24,2001,1994,NA,1
Y24,2003,1994,49,0
Y24,2004,1994,51.8,1
Y24,2005,1994,NA,0
Y24,2006,1994,NA,0
Y24,2007,1994,NA,0
Y244,2019,2018,20.5,0
Y25,1995,1994,26,0
Y25,1997,1994,NA,0
Y25,1998,1994,56,1
Y25,1999,1994,53.5,0
Y25,2000,1994,NA,1
Y25,2001,1994,NA,1
Y25,2002,1994,45.5,0
Y25,2003,1994,NA,1
Y28,2000,1994,52,0
Y28,2001,1994,NA,1
Y3,1995,1994,24.7,0
Y3,1997,1994,NA,1
Y3,1998,1994,NA,1
Y3,1999,1994,50.2,1
Y3,2000,1994,47.2,0
Y3,2001,1994,55.5,1
Y30,1997,1994,NA,1
Y30,1998,1994,51,1
Y30,1999,1994,48.5,1
Y30,2000,1994,47.2,1
Y31,1995,1994,26.8,0
Y31,1997,1994,43.7,0
Y31,1998,1994,55,1
Y31,1999,1994,NA,1
Y31,2000,1994,NA,0
Y31,2002,1994,NA,0
Y31,2003,1994,56,1
Y31,2004,1994,50,1
Y31,2006,1994,NA,0
Y31,2007,1994,47.5,0
Y31,2009,1994,43.5,0
Y32,1995,1994,26.6,0
Y32,1996,1994,30,0
Y32,1997,1994,NA,0
Y33,1995,1994,24,0
Y33,1997,1994,NA,1
Y33,1998,1994,NA,1
Y33,1999,1994,NA,1
Y33,2000,1994,44,0
Y33,2001,1994,NA,1
Y37,1997,1994,NA,1
Y39,2000,1994,NA,1
Y4,1995,1994,25.4,0
Y41,1996,1994,33,0
Y41,1998,1994,60.5,1
Y41,1999,1994,60,1
Y41,2000,1994,NA,1
Y41,2001,1994,53.5,0
Y41,2002,1994,NA,1
Y41,2003,1994,56.7,0
Y41,2004,1994,NA,1
Y41,2005,1994,NA,0
Y41,2006,1994,54.5,1
Y41,2007,1994,NA,0
Y41,2008,1994,NA,0
Y44,1997,1994,NA,1
Y44,2000,1994,NA,1
Y45,1997,1994,NA,1
Y45,1998,1994,51.5,1
Y45,1999,1994,NA,1
Y45,2007,1994,NA,1
Y47,2000,1999,24.8,0
Y49,2000,1999,27.7,0
Y49,2001,1999,44,0
Y49,2002,1999,40,0
Y49,2003,1999,55.2,0
Y49,2004,1999,58,1
Y49,2005,1999,51.5,0
Y49,2006,1999,NA,0
Y49,2008,1999,NA,0
Y49,2009,1999,NA,0
Y49,2010,1999,51,0
Y49,2011,1999,NA,0
Y49,2013,1999,NA,0
Y5,1999,1994,NA,1
Y51,2001,1999,NA,1
Y52,2000,1999,26.7,0
Y52,2002,1999,47,1
Y52,2005,1999,NA,1
Y52,2006,1999,51,1
Y52,2008,1999,43,0
Y55,2008,1999,NA,0
Y55,2009,1999,46.3,0
Y55,2010,1999,44,0
Y55,2014,1999,47.5,0
Y58,2001,1999,NA,0
Y58,2002,1999,46.5,0
Y58,2003,1999,57.8,1
Y58,2007,1999,NA,1
Y58,2008,1999,45.5,0
Y58,2009,1999,55,1
Y58,2010,1999,NA,0
Y58,2011,1999,NA,1
Y6,1995,1994,23.8,0
Y6,1997,1994,41,0
Y6,1998,1994,54,1
Y6,1999,1994,50.2,1
Y6,2000,1994,47.5,1
Y6,2001,1994,54,1
Y60,2000,1999,27.8,0
Y63,2001,1999,NA,0
Y63,2003,1999,NA,1
Y63,2005,1999,NA,1
Y63,2006,1999,53,0
Y63,2008,1999,NA,0
Y63,2009,1999,57,1
Y63,2010,1999,50,1
Y63,2012,1999,NA,0
Y63,2015,1999,NA,0
Y65,2000,1999,26.7,0
Y65,2001,1999,NA,0
Y65,2002,1999,46.3,0
Y65,2003,1999,62.8,1
Y65,2005,1999,56.5,1
Y65,2007,1999,62.5,0
Y65,2009,1999,NA,1
Y65,2010,1999,54,1
Y65,2012,1999,57.5,1
Y66,2000,1999,24,0
Y66,2002,1999,35.5,0
Y66,2003,1999,54,1
Y66,2005,1999,NA,1
Y66,2006,1999,49.8,1
Y66,2007,1999,49.5,1
Y66,2008,1999,41.5,0
Y66,2009,1999,NA,1
Y71,2000,1999,27,0
Y71,2004,1999,46,1
Y71,2007,1999,48,1
Y76,2007,1999,NA,0
Y76,2016,1999,NA,0
Y78,2000,1999,22,0
Y78,2001,1999,NA,0
Y78,2003,1999,NA,0
Y78,2004,1999,NA,1
Y78,2005,1999,52.5,1
Y78,2007,1999,NA,1
Y79,2000,1999,23.8,0
Y8,1995,1994,26.6,0
Y8,1996,1994,30.6,0
Y8,1997,1994,NA,0
Y8,1998,1994,55,1
Y8,1999,1994,52,1
Y8,2000,1994,NA,0
Y80,2001,1999,44,0
Y80,2005,1999,NA,1
Y81,2001,1999,39,0
Y85,2004,2003,26.3,0
Y85,2005,2003,36,0
Y85,2006,2003,51.8,1
Y85,2008,2003,NA,0
Y85,2009,2003,NA,1
Y85,2010,2003,NA,1
Y85,2011,2003,50.7,0
Y85,2012,2003,53.5,0
Y85,2013,2003,61.5,1
Y85,2014,2003,50.2,0
Y85,2015,2003,54.5,1
Y85,2016,2003,49,0
Y85,2017,2003,54,0
Y86,2005,2003,43,1
Y86,2006,2003,NA,0
Y9,1995,1994,24.8,0
Y9,1997,1994,NA,1
Y9,1998,1994,48,1
Y9,1999,1994,49.5,0
Y9,2001,1994,NA,1
Y9,2005,1994,NA,1
Y9,2006,1994,NA,0
Y9,2008,1994,NA,0
Y90,2004,2003,23,0
Y90,2008,2003,NA,0
Y90,2010,2003,NA,0
Y90,2012,2003,NA,0
Y91,2016,2003,NA,1
Y92,2006,2003,40.5,0
Y92,2008,2003,41.5,0
Y93,2007,2003,51,0
Y93,2016,2003,NA,1
Y94,2010,2003,NA,0
Y94,2013,2003,NA,1
Y94,2014,2003,NA,0
Y94,2015,2003,NA,1
Y94,2016,2003,41.5,0
Y95,2015,2003,55,1
